algorithm,seed,n_evals,n_bands_selected,fitness_surrogate,acc_surrogate_ncc,acc_knn5,acc_svm_rbf,band_redundancy,exec_time_s
GA,0,1250,31,0.4474876531456215,0.4493778970480605,0.7427421322273725,0.7981214930470847,0.7973327136947035,4.057284503999995
GA,1,1250,26,0.4524278080912061,0.4540131739448646,0.7453037326177117,0.7932422542083435,0.7996084324535475,3.731245267999981
GA,2,1250,27,0.4572460713201911,0.45889241278360576,0.7378628933886314,0.7923883874115638,0.7949048054241243,3.964363745000014
GA,3,1250,41,0.43114235179312027,0.4336423517931203,0.7626250304952428,0.8289826787021225,0.7991295378136825,4.682567131999974
GA,4,1250,25,0.4551723650622698,0.45669675530617226,0.7445718467919005,0.8086118565503781,0.7897360046721594,3.5523324150000235
PSO,0,1250,102,0.41034550366240424,0.4165650158575262,0.7748231275920956,0.835569651134423,0.8073620859916762,7.600515432999998
PSO,1,1250,94,0.40912557494689367,0.41485728226396684,0.7525006099048548,0.8292266406440595,0.8041719249526229,7.205454578999991
PSO,2,1250,68,0.4094911310908669,0.4136374725542815,0.7589656013661868,0.8277628689924372,0.7493859427122783,7.317382110999972
PSO,3,1250,95,0.408698656424232,0.41449133935106125,0.7561600390339107,0.8354476701634544,0.7612056053458381,8.060095783999998
PSO,4,1250,84,0.41229693143479373,0.41741888265430593,0.7584776774823128,0.8275189070505001,0.760454837420315,8.133973500000025
GWO,0,1250,75,0.41882277950005653,0.42339595023176385,0.7550622102951939,0.8242254208343498,0.8311202261355679,6.206735391999985
GWO,1,1250,76,0.41632218447092983,0.42095633081239325,0.7771407660404976,0.8298365454989022,0.7714900413327668,6.490973340999972
GWO,2,1250,65,0.4201644214234287,0.42412783605757504,0.7560380580629422,0.8199560868504513,0.8032689834080975,6.4492386439999905
GWO,3,1250,81,0.41211391535115643,0.41705293974140034,0.7581117345694072,0.8322761649182727,0.7717334054677452,6.465484634000006
GWO,4,1250,75,0.4165051410516545,0.4210783117833618,0.755306172237131,0.8255672115150037,0.8234323198709997,6.714935203999971
Jaya,0,1250,82,0.41705415955111,0.42205415955111003,0.7601854110758721,0.8348377653086119,0.7864679343206962,5.470011560999978
Jaya,1,1250,68,0.41302857924895425,0.4171749207123689,0.7546962673822883,0.8286167357892169,0.7365084777193519,5.369795270999987
Jaya,2,1250,69,0.41345552752307224,0.417662844596243,0.7632349353500854,0.8284947548182483,0.783046852284048,6.704860397999994
Jaya,3,1250,86,0.41473658060562063,0.419980483044645,0.7705537936081971,0.8338619175408636,0.7799074956313907,6.1039903700000195
Jaya,4,1250,72,0.41363854360670954,0.41802878750914857,0.7672603073920469,0.8265430592827518,0.8152459029447136,6.242786102000025
DE,0,1250,70,0.4210793530843335,0.4253476457672603,0.7545742864113199,0.8253232495730666,0.7919941894854932,6.2038096449999784
DE,1,1250,61,0.4221160574560125,0.42583556965113445,0.7603073920468407,0.8221517443278848,0.8059006431809492,6.1948375960000135
DE,2,1250,66,0.41790778833623904,0.4219321785801415,0.7600634301049036,0.8248353256891925,0.8039343982429867,6.275384303999999
DE,3,1250,61,0.4213841716302013,0.42510368382532326,0.7518907050500122,0.8080019516955355,0.8101382485032445,5.8398909229999845
DE,4,1250,75,0.41699306493552857,0.4215662356672359,0.765918516711393,0.829104659673091,0.8097766052070747,5.955401578000021
SA,0,1250,74,0.41095499199685825,0.4154671871188095,0.7711636984630398,0.8254452305440352,0.8046720848189818,5.736479553000038
SA,1,1250,88,0.41132114316995816,0.41668699682849475,0.7605513539887777,0.8299585264698707,0.8005381906533072,5.571878713999979
SA,2,1250,81,0.4132117440898732,0.4181507684801171,0.7623810685533057,0.8322761649182727,0.7480603163611359,6.057328649999988
SA,3,1250,82,0.41424859721883384,0.41924859721883384,0.7720175652598195,0.8372773847279824,0.8086507509053854,5.611287653999966
SA,4,1250,78,0.41156495635461354,0.41632105391558916,0.7705537936081971,0.8300805074408393,0.7523795014947768,5.723435532999986
