OA,AA,Kappa,train_s,infer_s,infer_us_per_px,params,ops_per_px,mem_KB_fp32,mem_KB_int16,subset,k,protocol,classifier
0.8289826787021225,0.7626458599099992,0.8037837939622592,0.1207517619999976,0.8747259359999902,106.69991900463407,75048,74928,293.15625,146.578125,GA,41,fixed_split42,SVM-RBF
0.7456696755306172,0.6373110018318049,0.7061541252327771,0.10959420300000033,0.002098734999989915,0.25600573310440533,672,656,2.625,1.3125,GA,41,fixed_split42,SVM-Linear
0.7178580141497927,0.6852472419849706,0.6766068883748186,0.008074014999991164,0.002257235000001856,0.27533971700437376,672,656,2.625,1.3125,GA,41,fixed_split42,LDA
0.7599414491339351,0.6232615339596969,0.7232928663161478,3.718358433000006,0.00784720599999389,0.9572098072693205,672,656,2.625,1.3125,GA,41,fixed_split42,LogReg
0.7943400829470603,0.7064174654282316,0.7634893674981547,0.7030971149999914,0.09637400699999432,11.75579494998711,195036,1882,761.859375,380.9296875,GA,41,fixed_split42,RandomForest
0.7626250304952428,0.7096376100025845,0.7275029577733392,0.0010717039999974531,0.06003260100000318,7.322834959746668,84091,84091,328.48046875,164.240234375,GA,41,fixed_split42,KNN(k=5)
0.491461332032203,0.5254588913011755,0.42373456801103904,0.0023366980000076865,0.014989714000009258,1.8284598682616806,1328,1312,5.1875,2.59375,GA,41,fixed_split42,GaussianNB
0.835569651134423,0.7603362674255438,0.8111247481370818,0.08898078699999701,1.0228174899999942,124.76427055379291,149529,149409,584.09765625,292.048828125,PSO,102,fixed_split42,SVM-RBF
0.78275189070505,0.7532497888564114,0.7504193242214727,0.28896386699999255,0.0028354860000092685,0.3458753354488008,1648,1632,6.4375,3.21875,PSO,102,fixed_split42,SVM-Linear
0.7584776774823128,0.7491463995530835,0.7237669296359762,0.05252881499998807,0.007512227000006533,0.916348743596796,1648,1632,6.4375,3.21875,PSO,102,fixed_split42,LDA
0.7970236643083679,0.7242466642387919,0.7665696329698436,5.518003118000024,0.008040808999993487,0.9808256891916916,1648,1632,6.4375,3.21875,PSO,102,fixed_split42,LogReg
0.7994632837277384,0.7046851173509331,0.7691621058631659,1.1868229619999795,0.11158072300000299,13.61072493291083,183690,1864,717.5390625,358.76953125,PSO,102,fixed_split42,RandomForest
0.7748231275920956,0.7030051903971952,0.7421087025856701,0.0015877879999948163,0.08334556700000917,10.1665731885837,209202,209202,817.1953125,408.59765625,PSO,102,fixed_split42,KNN(k=5)
0.4907294462063918,0.5325572100718462,0.42396859754416627,0.0028029439999954775,0.03313452700001562,4.041781776044843,3280,3264,12.8125,6.40625,PSO,102,fixed_split42,GaussianNB
0.8298365454989022,0.7563994653216043,0.8044244378977504,0.09453183100001183,0.9376175639999929,114.37150085386592,120149,120029,469.33203125,234.666015625,GWO,76,fixed_split42,SVM-RBF
0.7712856794340083,0.7444310851792324,0.7368966396148686,0.20741242799999782,0.002762238000002526,0.3369404732864755,1232,1216,4.8125,2.40625,GWO,76,fixed_split42,SVM-Linear
0.7406684557209076,0.7461310506727732,0.7035308023553084,0.059653672999985474,0.011817110999999159,1.441462673822781,1232,1216,4.8125,2.40625,GWO,76,fixed_split42,LDA
0.7850695291534521,0.7311040843437003,0.7527633870874901,4.903793159000003,0.0023511609999786742,0.28679690168073607,1232,1216,4.8125,2.40625,GWO,76,fixed_split42,LogReg
0.7936081971212491,0.6947089730297851,0.7624557529182365,0.8121268069999985,0.10667297400001985,13.01207294462306,188628,1880,736.828125,368.4140625,GWO,76,fixed_split42,RandomForest
0.7771407660404976,0.6946176229102607,0.7445678824666259,0.001794615000022759,0.06123395599999526,7.469377409123599,155876,155876,608.890625,304.4453125,GWO,76,fixed_split42,KNN(k=5)
0.49097340814832885,0.5344565151241794,0.4240097747559888,0.0033787989999893853,0.026232778000007784,3.1998997316428133,2448,2432,9.5625,4.78125,GWO,76,fixed_split42,GaussianNB
0.8338619175408636,0.7779785681959458,0.8092677191604147,0.08910328299998582,0.856639811000008,104.49375591607807,128390,128270,501.5234375,250.76171875,Jaya,86,fixed_split42,SVM-RBF
0.7722615272017566,0.7498223109817403,0.7382912621571713,0.21652052499999286,0.0027408509999986563,0.3343316662598995,1392,1376,5.4375,2.71875,Jaya,86,fixed_split42,SVM-Linear
0.7462795803854598,0.736039736169064,0.7095313319356911,0.030065280000002303,0.0070935440000141625,0.86527738472971,1392,1376,5.4375,2.71875,Jaya,86,fixed_split42,LDA
0.7888509392534765,0.7342615214503534,0.7574021988509223,5.739668012999999,0.0026445990000070196,0.3225907538432568,1392,1376,5.4375,2.71875,Jaya,86,fixed_split42,LogReg
0.8005611124664552,0.7091070931786689,0.7706060312318889,0.9622568280000223,0.11789323299998955,14.380731031957739,185430,1891,724.3359375,362.16796875,Jaya,86,fixed_split42,RandomForest
0.7705537936081971,0.7137430081251435,0.7373854593743779,0.0014205079999953796,0.08070623699998691,9.844625152474617,176386,176386,689.0078125,344.50390625,Jaya,86,fixed_split42,KNN(k=5)
0.49060746523542326,0.5344105971542643,0.4235197994759403,0.004299244999998564,0.027273597999993626,3.3268599658445503,2768,2752,10.8125,5.40625,Jaya,86,fixed_split42,GaussianNB
0.829104659673091,0.7586368989761374,0.8036417928105468,0.08211832200001368,0.8574778459999948,104.59598023908207,120810,120690,471.9140625,235.95703125,DE,75,fixed_split42,SVM-RBF
0.7648206879726762,0.7170528315922176,0.7289977901285871,0.21591916799999922,0.003901930000012044,0.47596121005270114,1216,1200,4.75,2.375,DE,75,fixed_split42,SVM-Linear
0.727616491827275,0.7177980246497668,0.6882099798611965,0.01769466999999736,0.002638600000011593,0.3218589899989745,1216,1200,4.75,2.375,DE,75,fixed_split42,LDA
0.7771407660404976,0.6900325593291868,0.7434774287993927,6.035607714999998,0.0067723269999930835,0.8260950231755407,1216,1200,4.75,2.375,DE,75,fixed_split42,LogReg
0.7888509392534765,0.6857683820071767,0.7569387342243415,0.9562325320000014,0.10494655299999067,12.801482434739041,189456,1898,740.0625,370.03125,DE,75,fixed_split42,RandomForest
0.765918516711393,0.7012863434195025,0.7318675138710151,0.0011440750000133448,0.05318267199999127,6.48727396925973,153825,153825,600.87890625,300.439453125,DE,75,fixed_split42,KNN(k=5)
0.48341058794828007,0.5233024330826254,0.41612209309785897,0.0034397809999973106,0.026627854999986766,3.248091607707583,2416,2400,9.4375,4.71875,DE,75,fixed_split42,GaussianNB
0.8372773847279824,0.7585146631838938,0.8131056380457368,0.08461730799999145,0.8283975980000093,101.04874335203822,126705,126585,494.94140625,247.470703125,SA,82,fixed_split42,SVM-RBF
0.7778726518663088,0.7342284962663344,0.7445609759678301,0.23071429899999885,0.0035133640000140076,0.42856355208758323,1328,1312,5.1875,2.59375,SA,82,fixed_split42,SVM-Linear
0.7492071236887046,0.7619998771627933,0.7131860034275241,0.031706440000021985,0.003175263000002815,0.38732166382078737,1328,1312,5.1875,2.59375,SA,82,fixed_split42,LDA
0.793120273237375,0.7124100725427752,0.7619536560649889,5.647006898000001,0.0021881339999936245,0.2669107099284733,1328,1312,5.1875,2.59375,SA,82,fixed_split42,LogReg
0.7948280068309344,0.6966345216037182,0.7637355004157792,0.8186227029999884,0.09567014099999938,11.669936691875991,185004,1861,722.671875,361.3359375,SA,82,fixed_split42,RandomForest
0.7720175652598195,0.7076583315078888,0.7388472708593492,0.0014495169999975133,0.06681285700000217,8.149897170041738,168182,168182,656.9609375,328.48046875,SA,82,fixed_split42,KNN(k=5)
0.48463039765796534,0.5313457621499023,0.4175185003804921,0.0036887000000263015,0.03027304999997682,3.6927360331759966,2640,2624,10.3125,5.15625,SA,82,fixed_split42,GaussianNB
