subset,split_seed,classifier,OA,AA,Kappa
SA,1,SVM-RBF,0.8425225664796292,0.7666183854107904,0.8189952030971408
SA,1,SVM-Linear,0.7714076604049768,0.6977650298596645,0.7366826812690992
SA,1,LDA,0.7464015613564284,0.714411525407237,0.7096054413627417
SA,1,LogReg,0.7917784825567211,0.6884134481282176,0.7605050367497808
SA,1,RandomForest,0.7915345206147841,0.684323538059618,0.7603153746241258
SA,1,KNN(k=5),0.7655525737984874,0.7033630189200576,0.7314767046707907
SA,1,GaussianNB,0.4715784337643328,0.4742625836546577,0.4046261964710939
SA,2,SVM-RBF,0.8505733105635521,0.7538875503981681,0.8288220242342148
SA,2,SVM-Linear,0.7704318126372286,0.7043081112445094,0.7359140390101259
SA,2,LDA,0.7433520370822152,0.7301480441195755,0.7069045783015999
SA,2,LogReg,0.78275189070505,0.6751747976215264,0.7503007846215537
SA,2,RandomForest,0.8008050744083923,0.6879515662290259,0.7711430149349433
SA,2,KNN(k=5),0.7722615272017566,0.6778056684206848,0.7394180761654034
SA,2,GaussianNB,0.4942668943644791,0.49429184216691024,0.42614461741812903
SA,3,SVM-RBF,0.8449621858989997,0.7609367626035072,0.8220405837984597
SA,3,SVM-Linear,0.7736033178824103,0.6964499847698631,0.7397567594795029
SA,3,LDA,0.7456696755306172,0.7301176079851255,0.7092482629481918
SA,3,LogReg,0.7905586728470358,0.6923093632221323,0.7590790869992747
SA,3,RandomForest,0.7997072456696755,0.696840844770839,0.7695103895622684
SA,3,KNN(k=5),0.7616491827274945,0.675830302506335,0.7274046284994724
SA,3,GaussianNB,0.5100024396194194,0.5204439847197451,0.4487433703175534
SA,4,SVM-RBF,0.8391070992925104,0.7641029324358135,0.8153801641601395
SA,4,SVM-Linear,0.7778726518663088,0.6840110739377367,0.7443693144504296
SA,4,LDA,0.7490851427177361,0.710694859169418,0.7125205123781917
SA,4,LogReg,0.7881190534276653,0.6744382041272698,0.7562166823811283
SA,4,RandomForest,0.8009270553793608,0.6837189547761147,0.7710943035345937
SA,4,KNN(k=5),0.768236155159795,0.7107340578918105,0.7344789865641717
SA,4,GaussianNB,0.5010978287387168,0.4821610075246857,0.4309323675866026
SA,5,SVM-RBF,0.8406928519151012,0.753673872127757,0.8173954894319222
SA,5,SVM-Linear,0.7739692607953159,0.7055940517183172,0.7404155758439859
SA,5,LDA,0.7548182483532568,0.7640214028861796,0.7199389976836048
SA,5,LogReg,0.78689924371798,0.680705698884434,0.7554187141432763
SA,5,RandomForest,0.8033666747987314,0.6852476815700781,0.7741278764448936
SA,5,KNN(k=5),0.7710417174920713,0.6924488698998796,0.7380483423941502
SA,5,GaussianNB,0.4747499390095145,0.5418120088678882,0.40863387201311274
Jaya,1,SVM-RBF,0.837399365698951,0.7744723944465716,0.8133624832107627
Jaya,1,SVM-Linear,0.7761649182727495,0.7202634877371268,0.7425796088849652
Jaya,1,LDA,0.7465235423273969,0.7121191196142989,0.709771181453671
Jaya,1,LogReg,0.7887289582825079,0.7193425891351093,0.7572167181331699
Jaya,1,RandomForest,0.794949987801903,0.6872073036689195,0.7644751391281072
Jaya,1,KNN(k=5),0.7657965357404245,0.7055805451602511,0.7319288318135861
Jaya,1,GaussianNB,0.4768236155159795,0.4792460173202808,0.4095372474503425
Jaya,2,SVM-RBF,0.8508172725054891,0.7769039506166092,0.8294147361558131
Jaya,2,SVM-Linear,0.776774823127592,0.7446373569251689,0.7434738337698528
Jaya,2,LDA,0.748841180775799,0.736544111553795,0.7129874242934809
Jaya,2,LogReg,0.7881190534276653,0.7141583966260302,0.7568404808060507
Jaya,2,RandomForest,0.8038545986826056,0.6989588951722384,0.7748157953081568
Jaya,2,KNN(k=5),0.7625030495242742,0.6866374312045521,0.7286642396193648
Jaya,2,GaussianNB,0.49841424737740914,0.50067241881137,0.43037864228796874
Jaya,3,SVM-RBF,0.8439863381312516,0.7709614946154768,0.8208926857814145
Jaya,3,SVM-Linear,0.7749451085630642,0.7402100859691867,0.7411623736010541
Jaya,3,LDA,0.7496950475725787,0.727998233655315,0.7136131496885143
Jaya,3,LogReg,0.7928763112954379,0.7284825291049404,0.7619744585921652
Jaya,3,RandomForest,0.7950719687728715,0.6833330794926511,0.7636779203964481
Jaya,3,KNN(k=5),0.765674554769456,0.683225349564216,0.7318551740286424
Jaya,3,GaussianNB,0.5129299829226641,0.5352511051053033,0.4513188725084182
Jaya,4,SVM-RBF,0.8391070992925104,0.7794657288885133,0.8155745716876126
Jaya,4,SVM-Linear,0.7729934130275677,0.6905076422373362,0.73829248504239
Jaya,4,LDA,0.7465235423273969,0.7148921094184995,0.7092933647696734
Jaya,4,LogReg,0.7861673578921688,0.6939974460156474,0.7541514239750284
Jaya,4,RandomForest,0.8048304464503537,0.6877046194968847,0.7755891085302657
Jaya,4,KNN(k=5),0.7695779458404489,0.704988910076542,0.736350905244163
Jaya,4,GaussianNB,0.5056111246645524,0.48685310468085785,0.4352754102146632
Jaya,5,SVM-RBF,0.837399365698951,0.7779573778871838,0.8138549065863839
Jaya,5,SVM-Linear,0.7694559648694803,0.755400309267844,0.7352129359170743
Jaya,5,LDA,0.7454257135886801,0.7539369077432073,0.7091233812986946
Jaya,5,LogReg,0.7858014149792633,0.7309540928744207,0.7543802889424663
Jaya,5,RandomForest,0.8025128080019517,0.6888738631498189,0.7732120039312356
Jaya,5,KNN(k=5),0.7657965357404245,0.6964134573932873,0.7320856116321186
Jaya,5,GaussianNB,0.48036106367406683,0.541065998009434,0.4140232610255503
