lam,algo,seed,k,svm,logreg
0.0,SA,0,84,0.8294706025859966,0.7789704806050256
0.0,SA,1,72,0.8239814588924128,0.7748231275920956
0.0,SA,2,92,0.829104659673091,0.788972920224445
0.0,SA,3,84,0.8304464503537449,0.7800683093437424
0.0,SA,4,73,0.829104659673091,0.7839717004147353
0.0,Jaya,0,90,0.8304464503537449,0.7842156623566724
0.0,Jaya,1,81,0.8136130763600878,0.7662844596242986
0.0,Jaya,2,80,0.8158087338375214,0.7684801171017321
0.0,Jaya,3,85,0.8356916321053915,0.7834837765308612
0.0,Jaya,4,70,0.8178824103439863,0.7601854110758721
0.01,SA,0,68,0.8243474018053184,0.7743352037082215
0.01,SA,1,69,0.8261771163698463,0.7805562332276165
0.01,SA,2,75,0.8204440107343255,0.7726274701146622
0.01,SA,3,75,0.8327640888021469,0.7826299097340815
0.01,SA,4,55,0.8295925835569651,0.763356916321054
0.01,Jaya,0,78,0.8259331544279093,0.7789704806050256
0.01,Jaya,1,84,0.8356916321053915,0.7855574530373262
0.01,Jaya,2,75,0.8125152476213711,0.7660404976823616
0.01,Jaya,3,82,0.835081727250549,0.7810441571114906
0.01,Jaya,4,75,0.8278848499634057,0.7761649182727495
0.05,SA,0,67,0.8278848499634057,0.7788484996340571
0.05,SA,1,74,0.8331300317150524,0.7806782141985851
0.05,SA,2,72,0.8339838985118322,0.7712856794340083
0.05,SA,3,72,0.812027323737497,0.7686020980727006
0.05,SA,4,61,0.8076360087826299,0.7568919248597219
0.05,Jaya,0,90,0.8405708709441327,0.7921444254696267
0.05,Jaya,1,78,0.8261771163698463,0.7806782141985851
0.05,Jaya,2,67,0.7997072456696755,0.7584776774823128
0.05,Jaya,3,71,0.8225176872407904,0.7668943644791413
0.05,Jaya,4,78,0.830934374237619,0.7733593559404733
0.1,SA,0,63,0.8154427909246158,0.7609172969016833
0.1,SA,1,65,0.824713344718224,0.7687240790436692
0.1,SA,2,67,0.8304464503537449,0.7688460600146377
0.1,SA,3,60,0.8226396682117589,0.7736033178824103
0.1,SA,4,66,0.8250792876311296,0.7695779458404489
0.1,Jaya,0,67,0.8216638204440108,0.7651866308855818
0.1,Jaya,1,69,0.8021468650890461,0.7481092949499878
0.1,Jaya,2,57,0.8172725054891437,0.7472554281532081
0.1,Jaya,3,69,0.8323981458892413,0.776042937301781
0.1,Jaya,4,68,0.8313003171505245,0.7799463283727739
0.2,SA,0,51,0.8061722371310076,0.7479873139790193
0.2,SA,1,56,0.8166626006343011,0.7666504025372042
0.2,SA,2,58,0.8134910953891193,0.7593315442790924
0.2,SA,3,58,0.8119053427665284,0.7522566479629178
0.2,SA,4,55,0.8170285435472067,0.7601854110758721
0.2,Jaya,0,62,0.8306904122956819,0.7704318126372286
0.2,Jaya,1,68,0.8211758965601366,0.7706757745791657
0.2,Jaya,2,69,0.8151988289826787,0.761527201756526
0.2,Jaya,3,62,0.8262990973408149,0.7666504025372042
0.2,Jaya,4,64,0.8209319346181996,0.7611612588436204
