fitness,algo,seed,n_evals,k,redundancy,svm,logreg,knn,search_fitness
F1 acc+size,SA,0,1250,68,0.8013552227286118,0.8243474018053184,0.7743352037082215,0.7483532568919249,0.4163414634146341
F1 acc+size,SA,1,1250,69,0.8010900518450716,0.8261771163698463,0.7805562332276165,0.7576238106855331,0.42310975609756096
F1 acc+size,SA,2,1250,75,0.8255770092751347,0.8204440107343255,0.7726274701146622,0.7749451085630642,0.4149390243902439
F1 acc+size,SA,3,1250,75,0.7827293087950367,0.8327640888021469,0.7826299097340815,0.7639668211758965,0.4100609756097561
F1 acc+size,SA,4,1250,55,0.7781913152319536,0.8295925835569651,0.763356916321054,0.7714076604049768,0.4171341463414634
F1 acc+size,Jaya,0,1250,78,0.7616815633694964,0.8259331544279093,0.7789704806050256,0.7534764576726031,0.4089024390243902
F1 acc+size,Jaya,1,1250,84,0.7848832292683354,0.8356916321053915,0.7855574530373262,0.7645767260307392,0.41341463414634144
F1 acc+size,Jaya,2,1250,75,0.8644807917460031,0.8125152476213711,0.7660404976823616,0.7662844596242986,0.4276219512195122
F1 acc+size,Jaya,3,1250,82,0.7638806136642607,0.835081727250549,0.7810441571114906,0.7709197365211027,0.40768292682926827
F1 acc+size,Jaya,4,1250,75,0.8513484840391562,0.8278848499634057,0.7761649182727495,0.7784825567211515,0.4139634146341463
F2 acc+red+size,SA,0,1250,68,0.7751968301201184,0.8369114418150768,0.7771407660404976,0.7688460600146377,0.32223641454896373
F2 acc+red+size,SA,1,1250,69,0.8001626140051548,0.8260551353988778,0.776774823127592,0.7646987070017077,0.3223617873799723
F2 acc+red+size,SA,2,1250,64,0.8518114430312664,0.8049524274213222,0.7548182483532568,0.7543303244693828,0.33920909959931234
F2 acc+red+size,SA,3,1250,72,0.7755813395408492,0.8317882410343986,0.776286899243718,0.7687240790436692,0.3170760123873785
F2 acc+red+size,SA,4,1250,64,0.7553403855434038,0.8172725054891437,0.7607953159307148,0.753232495730666,0.31568547364078153
F2 acc+red+size,Jaya,0,1250,78,0.7763220064778804,0.8322761649182727,0.7820200048792388,0.759209563308124,0.31419706764489486
F2 acc+red+size,Jaya,1,1250,68,0.7631356580242576,0.8339838985118322,0.7722615272017566,0.7623810685533057,0.3166132634658669
F2 acc+red+size,Jaya,2,1250,73,0.7817485429145553,0.8217858014149793,0.7761649182727495,0.7579897535984387,0.3171300237573249
F2 acc+red+size,Jaya,3,1250,79,0.7700452063252454,0.8297145645279337,0.7821419858502073,0.765674554769456,0.3154954793674754
F2 acc+red+size,Jaya,4,1250,73,0.7647725350470287,0.8262990973408149,0.7733593559404733,0.7598194681629665,0.3207788440562727
F3 filter (relev-red),SA,0,1250,60,0.7353304300235026,0.8149548670407416,0.7627470114662113,0.740302512808002,-0.07747997392648831
F3 filter (relev-red),SA,1,1250,64,0.7722349761097731,0.7915345206147841,0.7290802634788973,0.7411563796047816,-0.08973085667621361
F3 filter (relev-red),SA,2,1250,64,0.7268734155854114,0.8099536472310319,0.7566479629177848,0.7262747011466212,-0.09246723104331445
F3 filter (relev-red),SA,3,1250,48,0.7639572567608508,0.7496950475725787,0.706879726762625,0.7116369846303977,-0.057379119681880364
F3 filter (relev-red),SA,4,1250,70,0.7448330430899107,0.7805562332276165,0.7371310075628202,0.7285923395950232,-0.08668695864400666
F3 filter (relev-red),Jaya,0,1250,89,0.7189653842555829,0.8288606977311539,0.7838497194437668,0.7584776774823128,-0.13557186875272198
F3 filter (relev-red),Jaya,1,1250,77,0.7770667474935623,0.820565991705294,0.763356916321054,0.7526225908758234,-0.12388111440688299
F3 filter (relev-red),Jaya,2,1250,82,0.7379989240034591,0.8234935350085386,0.7795803854598683,0.7520126860209807,-0.12791085015043147
F3 filter (relev-red),Jaya,3,1250,81,0.7472406567953765,0.8189802390827031,0.7768968040985607,0.7472554281532081,-0.13234455968442826
F3 filter (relev-red),Jaya,4,1250,78,0.7404371769760412,0.8225176872407904,0.7816540619663332,0.7539643815564772,-0.13681812141362604
