algorithm,seed,n_evals,k,fitness,acc_val,knn,svm,logreg,redundancy,time_s
GA,0,1250,37,0.4689634146341463,0.4712195121951219,0.7449377897048061,0.7811661380824592,0.721639424249817,0.897666516834527,0.3149417390000053
GA,1,1250,40,0.4717073170731707,0.4741463414634146,0.7351793120273238,0.7820200048792388,0.7249329104659673,0.8830882819719309,0.3864011360001314
GA,2,1250,40,0.46487804878048783,0.46731707317073173,0.7625030495242742,0.791290558672847,0.7229812149304709,0.8937083534265711,0.408729767000068
GA,3,1250,39,0.47079268292682924,0.47317073170731705,0.7406684557209076,0.7777506708953403,0.7156623566723591,0.8919327802170905,0.4710306419999597
GA,4,1250,39,0.46201219512195124,0.46439024390243905,0.7516467431080751,0.7793364235179312,0.7137106611368627,0.8859520571293088,0.40782703600007153
PSO,0,1250,93,0.40603658536585363,0.4117073170731707,0.7561600390339107,0.8277628689924372,0.7821419858502073,0.7690572660083741,0.8218086540000513
PSO,1,1250,103,0.40249999999999997,0.408780487804878,0.7692120029275433,0.831422298121493,0.7865333008050744,0.7791406806111829,0.8409901960001207
PSO,2,1250,98,0.40573170731707314,0.4117073170731707,0.776042937301781,0.8359355940473286,0.7883630153696023,0.7954022002442808,0.8415101069999764
PSO,3,1250,105,0.40530487804878046,0.4117073170731707,0.7704318126372286,0.8341058794828007,0.7929982922664064,0.7964415431832842,0.6779790189998494
PSO,4,1250,97,0.4038414634146341,0.4097560975609756,0.776774823127592,0.8278848499634057,0.7866552817760429,0.8049850997757952,0.7311433789998318
GWO,0,1250,71,0.42396341463414633,0.42829268292682926,0.7631129543791169,0.8281288119053428,0.7701878506952915,0.8351079405144454,0.7924017189998267
GWO,1,1250,64,0.4195121951219512,0.42341463414634145,0.7600634301049036,0.8172725054891437,0.7678702122468894,0.7853764471783583,0.6734885079999913
GWO,2,1250,66,0.4164634146341463,0.42048780487804877,0.7542083434984143,0.8192242010246401,0.7676262503049525,0.7969077810942604,0.7244201070000145
GWO,3,1250,72,0.41317073170731705,0.4175609756097561,0.7731153939985362,0.8339838985118322,0.7799463283727739,0.7650921031491292,0.6920850419999169
GWO,4,1250,73,0.4170121951219512,0.4214634146341463,0.7589656013661868,0.8199560868504513,0.7801902903147109,0.8270708130634774,0.8814436729999215
Jaya,0,1250,78,0.4089024390243902,0.41365853658536583,0.7534764576726031,0.8259331544279093,0.7789704806050256,0.7616815633694964,0.8222804040001392
Jaya,1,1250,84,0.41341463414634144,0.41853658536585364,0.7645767260307392,0.8356916321053915,0.7855574530373262,0.7848832292683354,0.6461834169999747
Jaya,2,1250,75,0.4276219512195122,0.4321951219512195,0.7662844596242986,0.8125152476213711,0.7660404976823616,0.8644807917460031,0.7059178019999308
Jaya,3,1250,82,0.40768292682926827,0.41268292682926827,0.7709197365211027,0.835081727250549,0.7810441571114906,0.7638806136642607,0.8430331570000362
Jaya,4,1250,75,0.4139634146341463,0.41853658536585364,0.7784825567211515,0.8278848499634057,0.7761649182727495,0.8513484840391562,0.6478178520001165
DE,0,1250,61,0.41871951219512193,0.4224390243902439,0.755306172237131,0.820565991705294,0.7703098316662601,0.8421296176589759,0.7715589229999296
DE,1,1250,72,0.42585365853658536,0.4302439024390244,0.7670163454501098,0.8252012686020981,0.7756769943888754,0.8351018289260425,0.643779676999884
DE,2,1250,66,0.4174390243902439,0.4214634146341463,0.759209563308124,0.816174676750427,0.7660404976823616,0.7858053970721656,0.6921205950000058
DE,3,1250,61,0.4294512195121951,0.43317073170731707,0.7654305928275189,0.8236155159795072,0.7696999268114174,0.8429847023493864,0.685665857999993
DE,4,1250,67,0.4300609756097561,0.43414634146341463,0.7739692607953159,0.8105635520858746,0.7549402293242254,0.8569750378548873,0.7903594510000858
SA,0,1250,68,0.4163414634146341,0.42048780487804877,0.7483532568919249,0.8243474018053184,0.7743352037082215,0.8013552227286118,0.7492899389999366
SA,1,1250,69,0.42310975609756096,0.4273170731707317,0.7576238106855331,0.8261771163698463,0.7805562332276165,0.8010900518450716,0.6236190089998672
SA,2,1250,75,0.4149390243902439,0.4195121951219512,0.7749451085630642,0.8204440107343255,0.7726274701146622,0.8255770092751347,0.704076872000087
SA,3,1250,75,0.4100609756097561,0.4146341463414634,0.7639668211758965,0.8327640888021469,0.7826299097340815,0.7827293087950367,0.6246498029997838
SA,4,1250,55,0.4171341463414634,0.42048780487804877,0.7714076604049768,0.8295925835569651,0.763356916321054,0.7781913152319536,0.7158911829999397
