K,method,pool,OA,AA,Kappa,R2,mean_abs_corr,bands
10,variance,as in repo (200 raw bands),0.5069529153452061,0.3164300724358701,0.40729813377963464,0.7210667299697633,0.9749020670480629,21 22 23 24 25 26 27 28 29 31
10,variance,on our 164 pre-screened bands,0.5069529153452061,0.3164300724358701,0.40729813377963464,0.7210667299697633,0.9749020670480629,21 22 23 24 25 26 27 28 29 31
10,kmeans,as in repo (200 raw bands),0.6974871919980483,0.5825169004176304,0.6481738196151907,0.969779055696349,0.26671994015152894,0 10 50 64 86 89 93 96 97 173
10,kmeans,on our 164 pre-screened bands,0.7672603073920469,0.6912330345517745,0.7319250055588368,0.9795740216028985,0.5109232723850295,14 35 47 56 60 66 78 100 118 163
10,pca,as in repo (200 raw bands),0.6039277872651866,0.4757823276811404,0.5386726171448398,0.9415790706194714,0.1973994435240125,0 60 75 78 85 88 89 90 153 199
10,pca,on our 164 pre-screened bands,0.7065137838497194,0.6195365784733121,0.6587080627440183,0.9732846901452109,0.4705835644970171,34 35 56 60 61 72 75 78 99 153
10,uniform,"uniform spacing (ours, trivial baseline)",0.7678702122468894,0.6846706165343628,0.7323428670525297,0.9749471352392638,0.6377771472924526,
10,ours: mean of 90 runs (6 algs x 15 seeds),our wrapper (LDA fitness),0.7892128161340166,0.7080466249381292,0.7571129178234421,0.9721033294623062,0.6693178191527198,
20,variance,as in repo (200 raw bands),0.6230787997072457,0.4873510179933531,0.5570615275320512,0.9405406335798286,0.7840486595595468,17 19 20 21 22 23 24 25 26 27 28 29 30 31 32 33 40 41 42 43
20,variance,on our 164 pre-screened bands,0.6230787997072457,0.4873510179933531,0.5570615275320512,0.9405406335798286,0.7840486595595468,17 19 20 21 22 23 24 25 26 27 28 29 30 31 32 33 40 41 42 43
20,kmeans,as in repo (200 raw bands),0.6735789216882166,0.5389754689783748,0.6212895444479389,0.9811062370935264,0.27725165101224114,0 10 47 60 64 74 75 86 87 89 90 91 93 96 100 103 118 143 163 199
20,kmeans,on our 164 pre-screened bands,0.7745791656501586,0.7099602076499147,0.7402180813579365,0.990213677114123,0.513845224237565,10 16 20 25 31 35 36 47 56 60 66 71 73 74 75 77 78 100 118 163
20,pca,as in repo (200 raw bands),0.6018541107587216,0.49789701725457786,0.5386139218893966,0.9581570273917072,0.23031558601555208,0 1 39 60 75 78 84 85 86 87 88 89 90 93 102 103 143 144 153 199
20,pca,on our 164 pre-screened bands,0.7545742864113199,0.6903455390292139,0.7175219225923244,0.9861311539771326,0.5017475699227147,17 18 20 25 31 34 35 39 56 60 61 72 73 74 75 77 78 99 105 153
20,uniform,"uniform spacing (ours, trivial baseline)",0.7948280068309344,0.7018905157343105,0.7636559343990528,0.9792605073100319,0.7276510011025885,
20,ours: best-validation run,our wrapper (LDA fitness),0.830934374237619,0.7748313720690112,0.8058046100508788,0.9772164659130118,0.7042032202369144,
20,ours: consensus (most frequent),our wrapper (LDA fitness),0.8264210783117834,0.792616685553911,0.8004793863460715,0.9768400250673387,0.590255111285181,
20,ours: mean of 90 runs (6 algs x 15 seeds),our wrapper (LDA fitness),0.8213575126724676,0.7607585935497274,0.7946171825543759,0.9772456400070327,0.6946166564148996,
30,variance,as in repo (200 raw bands),0.6601610148816784,0.5225482755576417,0.6024610291020847,0.9522363332245317,0.7060434597017665,12 16 17 18 19 20 21 22 23 24 25 26 27 28 29 30 31 32 33 38 40 41 42 43 44 47 48 49 50 51
30,variance,on our 164 pre-screened bands,0.6601610148816784,0.5225482755576417,0.6024610291020847,0.9522363332245317,0.7060434597017665,12 16 17 18 19 20 21 22 23 24 25 26 27 28 29 30 31 32 33 38 40 41 42 43 44 47 48 49 50 51
30,kmeans,as in repo (200 raw bands),0.687728714320566,0.5691269633182005,0.6393840134429584,0.9850576663422762,0.31714662739675625,0 1 10 24 47 56 60 66 73 74 75 79 83 84 85 86 87 89 90 91 96 99 102 103 118 143 144 163 198 199
30,kmeans,on our 164 pre-screened bands,0.7936081971212491,0.7471490277382271,0.7625369224187228,0.9928979382897933,0.544597360575901,10 13 17 19 22 27 30 31 33 34 35 36 39 47 54 56 60 66 72 73 74 75 76 77 78 100 112 122 153 163
30,pca,as in repo (200 raw bands),0.6316174676750427,0.5377308924617679,0.5745598329085254,0.9685347003535573,0.28432083878228553,0 1 2 39 60 72 74 75 78 83 84 85 86 87 88 89 90 92 93 95 96 102 103 104 143 144 145 153 198 199
30,pca,on our 164 pre-screened bands,0.7712856794340083,0.7153112201603149,0.7368633280151637,0.9904710496638216,0.5455329282635794,11 12 17 18 20 21 25 31 32 34 35 39 54 55 56 59 60 61 72 73 74 75 76 77 78 99 105 106 153 196
30,uniform,"uniform spacing (ours, trivial baseline)",0.822883630153696,0.748592260132193,0.7962649351921682,0.9809673629362664,0.7440689854006296,
30,ours: best-validation run,our wrapper (LDA fitness),0.8344718223957063,0.772314425387586,0.8098768394400907,0.9795343069959097,0.6828064560471162,
30,ours: consensus (most frequent),our wrapper (LDA fitness),0.8389851183215419,0.7911546874563418,0.8151202324312915,0.9795444456788246,0.6468828837225403,
30,ours: mean of 90 runs (6 algs x 15 seeds),our wrapper (LDA fitness),0.8311512292971186,0.7708615479338147,0.8060224575225635,0.9797933720913007,0.7048310944148619,
40,variance,as in repo (200 raw bands),0.6932178580141498,0.5519934118409762,0.6431912667881021,0.962406817151098,0.6825626446279196,11 12 13 14 15 16 17 18 19 20 21 22 23 24 25 26 27 28 29 30 31 32 33 34 37 38 39 40 41 42 43 44 45 46 47 48 49 50 51 52
40,variance,on our 164 pre-screened bands,0.6932178580141498,0.5519934118409762,0.6431912667881021,0.962406817151098,0.6825626446279196,11 12 13 14 15 16 17 18 19 20 21 22 23 24 25 26 27 28 29 30 31 32 33 34 37 38 39 40 41 42 43 44 45 46 47 48 49 50 51 52
40,kmeans,as in repo (200 raw bands),0.7265186630885582,0.6308612773512412,0.6847357530655257,0.9883095692246076,0.34443993454488897,0 1 9 14 24 28 35 47 56 60 66 73 74 75 78 80 81 82 83 84 85 86 87 88 89 90 91 93 96 99 102 103 104 111 121 143 144 163 198 199
40,kmeans,on our 164 pre-screened bands,0.8105635520858746,0.7743774071980247,0.7823751868588908,0.994934676441733,0.5612726462993451,10 12 15 17 18 20 23 28 30 31 33 34 35 36 38 39 47 54 56 58 60 61 64 69 70 72 73 74 75 76 77 78 99 101 105 112 122 148 165 177
40,pca,as in repo (200 raw bands),0.6932178580141498,0.5951035158707232,0.6467024471348766,0.9793064894258887,0.3315779961016549,0 1 2 3 19 20 21 39 56 60 69 72 74 75 78 81 82 83 84 85 86 87 88 89 90 91 92 93 95 96 102 103 104 143 144 145 153 197 198 199
40,pca,on our 164 pre-screened bands,0.7888509392534765,0.7374331517348255,0.7574924485213064,0.9932678826685285,0.5848179482537498,11 12 16 17 18 20 21 25 31 32 33 34 35 39 54 55 56 59 60 61 63 72 73 74 75 76 77 78 99 101 105 106 142 146 150 151 153 192 194 196
40,uniform,"uniform spacing (ours, trivial baseline)",0.8175164674310808,0.7629654624958435,0.7905772100675259,0.9873069453123627,0.7211848165252274,
40,ours: best-validation run,our wrapper (LDA fitness),0.8331300317150524,0.7709235967673049,0.8082686534936602,0.9805109386519769,0.7613596716738011,
40,ours: consensus (most frequent),our wrapper (LDA fitness),0.8445962429860941,0.818189641507094,0.8215255895866009,0.9806302592539935,0.6717455605021408,
40,ours: mean of 90 runs (6 algs x 15 seeds),our wrapper (LDA fitness),0.835420563281017,0.774865038093414,0.8109433757248468,0.9814542533492413,0.7205229829155605,
