method,classifier,LDA_fitness,NCC_fitness,diff
SA,SVM-RBF,0.8201431243392696,0.7695698137757178,0.050573310563551854
SA,LDA,0.7210295193949745,0.6398715133772465,0.08115800601772805
SA,LogReg,0.7280068309343742,0.6752297308286574,0.05277710010571679
GA,SVM-RBF,0.8234122143612265,0.7693502480279742,0.05406196633325222
GA,LDA,0.7225990078881027,0.6373749695047572,0.08522403838334547
GA,LogReg,0.7305277710010573,0.6722859233959503,0.05824184760510698
GWO,SVM-RBF,0.8226152720175651,0.7715540375701391,0.05106123444742605
GWO,LDA,0.7195332194844271,0.6382776286899243,0.08125559079450273
GWO,LogReg,0.7297226965926648,0.6723347157843377,0.05738798080832708
Jaya,SVM-RBF,0.822468894852403,0.7709929251036839,0.05147596974871915
Jaya,LDA,0.7121574367731968,0.6419451898837115,0.07021224688948524
Jaya,LogReg,0.7248027974302675,0.6717166788647639,0.053086118565503604
PSO,SVM-RBF,0.8185736358461414,0.7749939009514516,0.0435797348946898
PSO,LDA,0.7127510774985769,0.6452386760998616,0.06751240139871528
PSO,LogReg,0.7279905668049117,0.6758721639424249,0.05211840286248681
DE,SVM-RBF,0.8209319346181996,0.7781084817435147,0.04282345287468492
DE,LDA,0.7202000487923883,0.6423924534439294,0.07780759534845894
DE,LogReg,0.7280230950638367,0.6783768398796455,0.04964625518419119
RS,SVM-RBF,0.8149386029112793,0.7772464828820038,0.03769212002927547
RS,LDA,0.7037895421647556,0.6462307879970726,0.05755875416768308
RS,LogReg,0.7215743677319671,0.680848987557941,0.04072538017402616
