fitness,K,alg,OA,sd
U1,10,SA,0.7611693909083518,0.01249809421646316
U1,10,GA,0.763503293486216,0.01315216067243669
U1,10,GWO,0.7695535496462553,0.015232083534088309
U1,10,Jaya,0.7660079694234365,0.02114730662401459
U1,10,PSO,0.767683174758071,0.01342098502081274
U1,10,DE,0.7550459461657315,0.020729991793638845
U1,10,RS,0.7503700089452712,0.020218736460857055
U1,20,SA,0.7821094575912823,0.008430876684911734
U1,20,GA,0.7837927949906481,0.006628609101980615
U1,20,GWO,0.7820118728145076,0.00814399559273565
U1,20,Jaya,0.7744653167439214,0.01663128802207456
U1,20,PSO,0.7878019029031471,0.008228557162845356
U1,20,DE,0.7818248353256894,0.012017341261586613
U1,20,RS,0.7922338781816705,0.010762453786301992
U1,30,SA,0.7958770431812638,0.006393877681752545
U1,30,GA,0.7956656094982516,0.004948637493441029
U1,30,GWO,0.7953403269090022,0.007455137544294425
U1,30,Jaya,0.7957957225339514,0.009052278062007778
U1,30,PSO,0.7978775311051477,0.010019744248356397
U1,30,DE,0.7972269659266487,0.00604156275193946
U1,30,RS,0.8041310888834674,0.012098578692244165
U1,40,SA,0.8034154671871189,0.003957418504818886
U1,40,GA,0.801073432544523,0.004791805403767123
U1,40,GWO,0.806635764820688,0.0062237965395063235
U1,40,Jaya,0.8051801252337969,0.009375757770022536
U1,40,PSO,0.8047328616735788,0.005161065808080998
U1,40,DE,0.8058632186712206,0.008400617985170672
U1,40,RS,0.8094657233471578,0.00835661863151513
U2,10,SA,0.714962999105473,0.017488458503115135
U2,10,GA,0.7147353012929982,0.014662005429398925
U2,10,GWO,0.716621940310645,0.013047636570411419
U2,10,Jaya,0.720915670488737,0.018362345448665822
U2,10,PSO,0.7152313572416037,0.015862141171335328
U2,10,DE,0.7248841180775798,0.011944066595535128
U2,10,RS,0.7327396926079532,0.023028803722136566
U2,20,SA,0.7350979913800114,0.005515156297079423
U2,20,GA,0.7374806863462633,0.0051887234237090575
U2,20,GWO,0.7419939822720989,0.010568777208022143
U2,20,Jaya,0.7540538342685209,0.013736306694481622
U2,20,PSO,0.7544197771814265,0.015823742169237005
U2,20,DE,0.7533056843132472,0.01800377030162446
U2,20,RS,0.7875254127022853,0.011526198266462005
U2,30,SA,0.7522810441571115,0.005544280984875467
U2,30,GA,0.7489875579409613,0.004047016956117541
U2,30,GWO,0.7560868504513294,0.0041329259648750435
U2,30,Jaya,0.7619988615109375,0.008947103371572163
U2,30,PSO,0.7837521346669919,0.01973649525470144
U2,30,DE,0.7662112710417175,0.019103604279452263
U2,30,RS,0.808050744083923,0.007040833905318475
U2,40,SA,0.7622753517117997,0.006252872641149449
U2,40,GA,0.759591770350492,0.0036949410953166636
U2,40,GWO,0.7686183622021632,0.0061538448534010914
U2,40,Jaya,0.7789135561519068,0.010912147434761415
U2,40,PSO,0.803106448727332,0.011655760422450569
U2,40,DE,0.7814995527364398,0.014243705770302423
U2,40,RS,0.8176709766609743,0.0064129096245191764
