method,K,OA_mean,OA_std,AA_mean,Kappa_mean,n
SA,5,0.7159957713263396,0.036570830508220444,0.5879554619069798,0.6705489282430092,15
SA,10,0.7953240627795395,0.012517043295204802,0.7234022404096646,0.7642704797177724,15
SA,15,0.818077579897536,0.006727589025349796,0.7630706401279324,0.7908645568484002,15
SA,20,0.8201431243392696,0.005024090305247798,0.7567033893657775,0.7931901579411598,15
SA,25,0.82758396356835,0.003970841731152821,0.7525823786145935,0.8018463432633758,15
SA,30,0.8324225420834351,0.002757880040218797,0.7681547006182184,0.8075046480478683,15
SA,40,0.8353094250630235,0.004071279969719161,0.7717492137183073,0.810788817707832,15
SA,50,0.8396926079531593,0.0029829986216878763,0.7804780716455616,0.8158951837200079,15
SA,60,0.8409937383101569,0.0030009963315630315,0.7781621545003488,0.8173642048284927,15
GA,5,0.6999512076116126,0.020527324947851384,0.5549791832134753,0.6515902349927368,15
GA,10,0.7966007969423435,0.01582752985609896,0.72944826012867,0.7656801702491066,15
GA,15,0.8147840936813856,0.005747695127487778,0.7474291606143294,0.7869308042852728,15
GA,20,0.8234122143612265,0.006274218642425005,0.7660534522568319,0.7970024973646838,15
GA,25,0.8297064324632025,0.004699822871740994,0.7751921057831652,0.8043356302808803,15
GA,30,0.8329267300967715,0.004276961353784568,0.7696900324755744,0.8080902231810337,15
GA,40,0.8369358380092707,0.004444050346013238,0.7830540435018032,0.812701955395146,15
GA,50,0.8386191754086363,0.0038697558436548286,0.7753288885515218,0.814681591872164,15
GA,60,0.8416930958770431,0.003665001159887255,0.7811219192045942,0.818134562760912,15
GWO,5,0.7062616898430512,0.018799121882269693,0.5712671943317456,0.6589767722999966,15
GWO,10,0.782646173863544,0.015370422902625927,0.6928043924746022,0.749401428648102,15
GWO,15,0.8092136293404896,0.008288869728681075,0.7217187108534374,0.7804041307306356,15
GWO,20,0.8226152720175651,0.008357407122540402,0.7669913223190792,0.7961057967702899,15
GWO,25,0.8257135886801659,0.006244254804327931,0.7704023126465298,0.7997404717935677,15
GWO,30,0.8319183540700983,0.0036418059444683955,0.782772279141042,0.8068860435845551,15
GWO,40,0.8374481580873385,0.003965735180114999,0.7804332201944697,0.8133147240691994,15
GWO,50,0.8395868911116533,0.003651423842642872,0.7799808944250821,0.8157510496144227,15
GWO,60,0.8421403594372612,0.004115677591104974,0.785009399610887,0.8186882906532879,15
Jaya,5,0.6994551516630073,0.017347224995656937,0.5562380556029253,0.6507784817283854,15
Jaya,10,0.7765552573798487,0.0158083358346342,0.671451705695103,0.742366268789018,15
Jaya,15,0.8132552655119134,0.012754406276252328,0.7453465776695732,0.7851010178736431,15
Jaya,20,0.822468894852403,0.007391655755098676,0.7617722375538006,0.7959125348729785,15
Jaya,25,0.8261445881109213,0.005617270856678231,0.7595125551033045,0.8001696382848738,15
Jaya,30,0.8287061885012605,0.006103484718988265,0.7635174901281214,0.8031704280596178,15
Jaya,40,0.8333495974627958,0.0033896038951337906,0.7694484262130211,0.8085482269873652,15
Jaya,50,0.8384971944376678,0.004374097374040318,0.7814913958403931,0.8144749979156803,15
Jaya,60,0.8386598357322925,0.00418222892142457,0.7809769061463078,0.8146693896343504,15
PSO,5,0.7143856225095553,0.019454933311755213,0.581926767677508,0.6687532822024378,15
PSO,10,0.7903878994876801,0.013587591397529034,0.7157460693987712,0.7585655752402671,15
PSO,15,0.8095063836708142,0.01371626809704641,0.744743311221156,0.7808129236555933,15
PSO,20,0.8185736358461414,0.006567204225690439,0.7531156301880375,0.7913528112991476,15
PSO,25,0.8256160039033911,0.006786885424447194,0.7557884820070939,0.7995887230218728,15
PSO,30,0.8283565097178174,0.0036949410953166974,0.7618831049121675,0.8027701231997116,15
PSO,40,0.8335041066926894,0.005688714126694907,0.7659631209665506,0.8087282720306471,15
PSO,50,0.8368870456208832,0.0048635739895937415,0.7707248584990959,0.8126044059774529,15
PSO,60,0.8385622509555176,0.005482143072159034,0.7789215981897453,0.8145608423736485,15
DE,5,0.7067821419858501,0.026686693407607234,0.5695014614215843,0.6595484451743552,15
DE,10,0.7937627063511424,0.020361192178713548,0.7154270815219647,0.7623935842963862,15
DE,15,0.8173456940717247,0.005753424508504944,0.7550608128959806,0.7899101970623126,15
DE,20,0.8209319346181996,0.006755996689075784,0.7599155296148381,0.7941392970779961,15
DE,25,0.8283565097178174,0.005498790430258189,0.7772609096186486,0.8027946461529349,15
DE,30,0.8325770513133285,0.005410722210593194,0.7791516803277644,0.8077132790625952,15
DE,40,0.8359762543709848,0.003608147596454337,0.7785422039663312,0.811578258158892,15
DE,50,0.8395868911116533,0.0034539810725468943,0.7807674648093563,0.8157441856510697,15
DE,60,0.8406521915914452,0.002483943132357699,0.7822322458268899,0.8169910416129778,15
RS,5,0.7063104822314387,0.029382394528408018,0.5743111389036433,0.6592380357861908,15
RS,10,0.7702854354720663,0.013147553760030605,0.6622724480224205,0.7350083671947157,15
RS,15,0.7977067577457915,0.010653007014947587,0.7062502504846232,0.7670380771043405,15
RS,20,0.8149386029112793,0.008945440180731245,0.7400871111334157,0.7871827793624313,15
RS,25,0.8164755631454826,0.00711950208679371,0.7334871023860106,0.7890281388060345,15
RS,30,0.8260226071399529,0.004512463803892781,0.7644852731281055,0.8000566914874353,15
RS,40,0.8298121493047085,0.0044828629178507206,0.7691469662087168,0.8044410717842276,15
RS,50,0.8319996747174107,0.004652319843890304,0.761727818102779,0.806948570997189,15
RS,60,0.8353419533219485,0.004666780945614279,0.766613297369879,0.8108630333200987,15
random,5,0.6708790761974466,0.0326917411578743,0.5466257082668139,0.6164937959329567,15
random,10,0.7403106448727332,0.03817348684970564,0.6341852131184853,0.6997393732032592,15
random,15,0.7699113604944297,0.02036166195428853,0.6695772239559742,0.7348535148504981,15
random,20,0.7912498983491909,0.015816164074264637,0.6935325039037193,0.7596363425972549,15
random,25,0.7933804993087745,0.01206148597560723,0.6987842737767063,0.7619623813435332,15
random,30,0.803838334553143,0.013997159180120473,0.7148928740462908,0.7742178627126927,15
random,40,0.8097828738716759,0.011338588916990675,0.7258284907910733,0.7811879268246799,15
random,50,0.8175408636252743,0.00966614123335315,0.7382850709590993,0.7901612517416534,15
random,60,0.8246889485240303,0.002924710231308358,0.7413336164355196,0.7984575973296446,15
uniform,5,0.6493047084654794,,0.5250346087765642,0.592000073397316,1
uniform,10,0.7678702122468894,,0.6846706165343628,0.7323428670525297,1
uniform,15,0.7989753598438644,,0.6774477760924931,0.7686746737102131,1
uniform,20,0.7948280068309344,,0.7018905157343105,0.7636559343990528,1
uniform,25,0.8071480848987558,,0.7194582836049742,0.7780400858326969,1
uniform,30,0.822883630153696,,0.748592260132193,0.7962649351921682,1
uniform,40,0.8175164674310808,,0.7629654624958435,0.7905772100675259,1
uniform,50,0.8233715540375701,,0.7513313462176043,0.7969676045192229,1
uniform,60,0.8265430592827518,,0.7543063105914197,0.8007143137378421,1
entropy,5,0.5617223713100756,,0.40041394427822,0.4794596940022387,1
entropy,10,0.5757501829714564,,0.4334557781005954,0.4961132657787147,1
entropy,15,0.5696511344230301,,0.4267262544749901,0.4873881731180333,1
entropy,20,0.5647718955842889,,0.4175771845864766,0.4808937409183357,1
entropy,25,0.5630641619907294,,0.4152865185168495,0.4782352371342709,1
entropy,30,0.6361307636008783,,0.4757840714037357,0.5729237461443807,1
entropy,40,0.6552817760429372,,0.4912612855304926,0.5961099863056858,1
entropy,50,0.6756525981946816,,0.5098004603652586,0.6203803228583689,1
entropy,60,0.6840692851915101,,0.5187339624460989,0.6307177984729608,1
fisher,5,0.4732861673578922,,0.2490289664608389,0.3609176682062922,1
fisher,10,0.5475725786777262,,0.3518208305155802,0.4626930863927275,1
fisher,15,0.5639180287875092,,0.3638952688039535,0.4836396277358823,1
fisher,20,0.5716028299585265,,0.37253905982657,0.4935810552854832,1
fisher,25,0.5752622590875823,,0.3683524378665679,0.4979189944025991,1
fisher,30,0.5836789460844108,,0.4107422014895728,0.5084095500877965,1
fisher,40,0.6022200536716272,,0.4155007012639465,0.5318423287473445,1
fisher,50,0.6441815076848012,,0.467775765541985,0.5830220748953303,1
fisher,60,0.6621127104171749,,0.4850030918254024,0.6041954916046716,1
sfs,5,0.654061966333252,,0.4985937116772169,0.5964772319935243,1
sfs,10,0.7694559648694803,,0.6494462714359908,0.7344013399668402,1
sfs,15,0.8130031715052451,,0.7244743131635283,0.7850968731256411,1
sfs,20,0.8255672115150037,,0.7574878128150578,0.7995744594131415,1
sfs,25,0.8216638204440108,,0.7794081680778209,0.7950410628370423,1
sfs,30,0.8273969260795316,,0.762170399372294,0.8017372518707568,1
sfs,40,0.8286167357892169,,0.7444899124734439,0.8031366927855198,1
sfs,50,0.8308123932666504,,0.7346347562673661,0.805570852732287,1
sfs,60,0.8328860697731154,,0.7386915689821485,0.8078465074220841,1
