K,best,versus,mean_best,mean_other,p,p_holm
10,GA,SA,0.7966007969423435,0.7953240627795395,0.771501761065229,1.0
10,GA,GWO,0.7966007969423435,0.782646173863544,0.025086713247997834,0.10034685299199134
10,GA,Jaya,0.7966007969423435,0.7765552573798487,0.0018632795159240225,0.009316397579620113
10,GA,PSO,0.7966007969423435,0.7903878994876801,0.2209478796537533,0.6628436389612599
10,GA,DE,0.7966007969423435,0.7937627063511424,1.0,1.0
10,GA,RS,0.7966007969423435,0.7702854354720663,0.00014699744964357091,0.0008819846978614255
20,GA,SA,0.8234122143612265,0.8201431243392696,0.059013552751291574,0.2360542110051663
20,GA,GWO,0.8234122143612265,0.8226152720175651,0.7872774404271217,1.0
20,GA,Jaya,0.8234122143612265,0.822468894852403,0.7087376473103824,1.0
20,GA,PSO,0.8234122143612265,0.8185736358461414,0.04206488810272187,0.21032444051360932
20,GA,DE,0.8234122143612265,0.8209319346181996,0.3836267986477797,1.0
20,GA,RS,0.8234122143612265,0.8149386029112793,0.005094197207629392,0.030565183245776353
30,GA,SA,0.8329267300967715,0.8324225420834351,0.7873468100499608,1.0
30,GA,GWO,0.8329267300967715,0.8319183540700983,0.43049411012891337,1.0
30,GA,Jaya,0.8329267300967715,0.8287061885012605,0.07439890565497505,0.2975956226199002
30,GA,PSO,0.8329267300967715,0.8283565097178174,0.009499529585979929,0.04749764792989965
30,GA,DE,0.8329267300967715,0.8325770513133285,0.9338643952668264,1.0
30,GA,RS,0.8329267300967715,0.8260226071399529,0.00038940207899686624,0.0023364124739811976
40,GWO,SA,0.8374481580873385,0.8353094250630235,0.2288217519195852,0.6864652557587556
40,GWO,GA,0.8374481580873385,0.8369358380092707,1.0,1.0
40,GWO,Jaya,0.8374481580873385,0.8333495974627958,0.006172645547968068,0.03086322773984034
40,GWO,PSO,0.8374481580873385,0.8335041066926894,0.06796511812064768,0.2718604724825907
40,GWO,DE,0.8374481580873385,0.8359762543709848,0.3194521288966182,0.6864652557587556
40,GWO,RS,0.8374481580873385,0.8298121493047085,0.00013494397798723414,0.0008096638679234048
