K,KNN5,LDA,LogReg,RF,SVM-RBF
5,0.6929400124691659,0.610665202895015,0.6020397929034182,0.7147881597137513,0.7071385974899027
10,0.7449201702312217,0.6755577241061506,0.676734162803936,0.7675327315605432,0.7892128161340164
15,0.7677522973082866,0.7059011683066331,0.7119785313491096,0.7818329673904204,0.8136971076956439
20,0.7710471388685587,0.718045051638611,0.7281789596378521,0.7876026673172319,0.8213575126724676
25,0.773967905451194,0.7273887940148004,0.7413962755143532,0.790673877097395,0.8271868477406413
30,0.7749871242308422,0.734592448022553,0.7518229378439186,0.7928844433601692,0.8311512292971186
40,0.7773291588734379,0.7442343661055543,0.7663468054539048,0.7950922989346996,0.835420563281017
50,0.7788512103223009,0.7516860480876095,0.7763234935350086,0.7966712748366811,0.8388116342739421
60,0.7790043642080724,0.7556504296440867,0.7829592583556966,0.7964869480361064,0.8404502453172861
