method,K,classifier,OA,OA_std,AA,Kappa,train_s,infer_s,redundancy
SA,5,SVM-RBF,0.7159957713263396,0.036570830508220444,0.5879554619069798,0.6705489282430092,0.06704576113334036,0.4903152691333162,0.7673824992791668
SA,5,KNN5,0.7020086199886151,0.027303949914307665,0.6187856891213265,0.6577933617428936,0.0020052697333539466,0.030201475066648196,0.7673824992791668
SA,5,LDA,0.6198910303326014,0.00830275730433057,0.5065325772993007,0.5595576254811271,0.0019784192000012,0.0011173639999772533,0.7673824992791668
SA,5,LogReg,0.6111734569407172,0.0182856293408605,0.4300813022023349,0.5430811383493737,0.08237399079997278,0.0013064448666833535,0.7673824992791668
SA,5,RF,0.7198015776205579,0.0219644375893852,0.6203307473305374,0.6773954841179353,0.3912446760000421,0.09780005740002097,0.7673824992791668
SA,10,SVM-RBF,0.7953240627795395,0.012517043295204802,0.7234022404096646,0.7642704797177724,0.07620981033329974,0.49855295393335836,0.6390967170525277
SA,10,KNN5,0.7492721802065543,0.01778801563846617,0.6961984447228988,0.712276335840528,0.0026081922000078333,0.06192761640002872,0.6390967170525277
SA,10,LDA,0.6849963405708709,0.008503219905352258,0.6718897282120665,0.6380233623794059,0.0026296062666611797,0.00130810133335514,0.6390967170525277
SA,10,LogReg,0.6840936813857038,0.009370806524219436,0.5323830081796282,0.632743978841049,0.11016076453330846,0.0015853086666538332,0.6390967170525277
SA,10,RF,0.77043994470196,0.010152668451801608,0.6845530030273779,0.7356122182519627,0.4859536945999935,0.09167639866667134,0.6390967170525277
SA,15,SVM-RBF,0.818077579897536,0.006727589025349796,0.7630706401279324,0.7908645568484002,0.0766159377333224,0.5110159176666306,0.6800378501921104
SA,15,KNN5,0.7697161909408798,0.007209694059016292,0.7160164155550616,0.7358451240111881,0.0037108678666451004,0.09554415406667731,0.6800378501921104
SA,15,LDA,0.7122550215499716,0.00470637632126054,0.7180122918335471,0.6702792594786895,0.004933557066684999,0.0024132466000082466,0.6800378501921104
SA,15,LogReg,0.71520696104741,0.0039133075804387895,0.576208887086651,0.6700846769319906,0.1493646826666463,0.0014470063333494934,0.6800378501921104
SA,15,RF,0.7825648532162318,0.006674467190366245,0.6923594238441979,0.7494739652283041,0.4736382915333403,0.09240241433330991,0.6800378501921104
SA,20,SVM-RBF,0.8201431243392696,0.005024090305247798,0.7567033893657775,0.7931901579411598,0.07614476380000873,0.6083071797999916,0.6994472586119096
SA,20,KNN5,0.7696186061641052,0.008265140431166029,0.7176389077146582,0.7357357233838316,0.0009717069333267066,0.06781058933333947,0.6994472586119096
SA,20,LDA,0.7210295193949745,0.0061624971415391045,0.7273792644134714,0.6806013112010859,0.003999778266673527,0.0015675450666700335,0.6994472586119096
SA,20,LogReg,0.7280068309343742,0.0059507285120964015,0.5936863671718373,0.6853960272370191,0.15860706853330458,0.0017909562000113068,0.6994472586119096
SA,20,RF,0.7872733186956167,0.005531281600502935,0.6961223241676026,0.7549853572277153,0.5587183575333711,0.0969046699999732,0.6994472586119096
SA,25,SVM-RBF,0.82758396356835,0.003970841731152821,0.7525823786145935,0.8018463432633758,0.08738200800000108,0.6690537955999996,0.7141087132835934
SA,25,KNN5,0.7773278035293161,0.008668237722700572,0.7134450583070001,0.7446847596918964,0.0011645881999811068,0.07675651093333417,0.7141087132835934
SA,25,LDA,0.7285028868829797,0.0059671847570209515,0.7389981860957852,0.6895118725219415,0.004767566866651827,0.0016340112000761534,0.7141087132835934
SA,25,LogReg,0.743417093600065,0.005626231987954823,0.6114568459364449,0.7036437371582244,0.19390768380001946,0.0017149324000001332,0.7141087132835934
SA,25,RF,0.7895665609498251,0.006566103647456524,0.6967468123664059,0.7576992556893483,0.6861991695332714,0.09732094966663377,0.7141087132835934
SA,30,SVM-RBF,0.8324225420834351,0.002757880040218797,0.7681547006182184,0.8075046480478683,0.07967874619995803,0.7249012831333554,0.7027379023350668
SA,30,KNN5,0.7746035618443524,0.00670993551582575,0.7130640119994474,0.7415223299397692,0.00094332893334766,0.06898286893333531,0.7027379023350668
SA,30,LDA,0.7368870456208831,0.0029111607274929455,0.7432038192448842,0.6991994145459344,0.004306142333340733,0.0015596923333001734,0.7027379023350668
SA,30,LogReg,0.7514109132308692,0.005702709014177737,0.6358960305604947,0.7131477991759247,0.19975507086664945,0.00179397920002576,0.7027379023350668
SA,30,RF,0.7904285598113361,0.005926078024857895,0.7045065126522911,0.758731745397723,0.64450337380005,0.0935214742667085,0.7027379023350668
SA,40,SVM-RBF,0.8353094250630235,0.004071279969719161,0.7717492137183073,0.810788817707832,0.08389550153330368,0.7560455074667061,0.7258090890004802
SA,40,KNN5,0.7755631454826379,0.0071649773335431466,0.7132634176856738,0.7426423747170433,0.0009302896666364132,0.07397430779998705,0.7258090890004802
SA,40,LDA,0.7457753923721235,0.0038104912629404446,0.7534083697456523,0.7094408449865776,0.005535845733311314,0.0017170677333675532,0.7258090890004802
SA,40,LogReg,0.7674880052045213,0.004450662014373972,0.6640148616264604,0.7320032604690393,0.262081654399996,0.0019319294000069334,0.7258090890004802
SA,40,RF,0.7945108563064162,0.005176405288564799,0.706460365380581,0.7634468863358527,0.7116148289999576,0.09682407373332652,0.7258090890004802
SA,50,SVM-RBF,0.8396926079531593,0.0029829986216878763,0.7804780716455616,0.8158951837200079,0.07875315593329708,0.728363019799978,0.7260988063886944
SA,50,KNN5,0.7793445555826625,0.0055897689236118035,0.7173673317741364,0.7470506782403782,0.0010425481999997,0.08069507886669572,0.7260988063886944
SA,50,LDA,0.7513946491014067,0.0038461927557488216,0.7591067062677722,0.7160783360106167,0.0080027763999775,0.0020922821333442068,0.7260988063886944
SA,50,LogReg,0.7762787671789868,0.0042599801606845,0.6840798547479288,0.7424349173292923,0.3242766667333399,0.002307291666632653,0.7260988063886944
SA,50,RF,0.7967634382369684,0.001886268431502477,0.7106920274425327,0.7661391053917943,0.8199186387333308,0.09945208873332374,0.7260988063886944
SA,60,SVM-RBF,0.8409937383101569,0.0030009963315630315,0.7781621545003488,0.8173642048284927,0.12211332740001427,1.0107630809333386,0.7340594946484895
SA,60,KNN5,0.7809221761405222,0.0036217697679678555,0.7224772345118299,0.7488144750708362,0.0012757736000215,0.0954613619333334,0.7340594946484895
SA,60,LDA,0.7555420021143369,0.004359851840270012,0.7621843070643701,0.7209466370719675,0.00975007613330183,0.00279213353326966,0.7340594946484895
SA,60,LogReg,0.7827193624461249,0.005569196476404369,0.6968732998950984,0.7499565814186498,0.3850634573333385,0.00272443720001922,0.7340594946484895
SA,60,RF,0.7962185898999756,0.0029099922318450567,0.7076588929074898,0.765433082877314,0.8604052131332537,0.10357546026668081,0.7340594946484895
GA,5,SVM-RBF,0.6999512076116126,0.020527324947851384,0.5549791832134753,0.6515902349927368,0.0628501515333482,0.4496044871333955,0.8148198408805206
GA,5,KNN5,0.6912824266081158,0.011922073636622987,0.6046575757916132,0.6453495229085905,0.0017938564666564666,0.026599419266691807,0.8148198408805206
GA,5,LDA,0.6173456940717248,0.007101585645754601,0.4948244956894499,0.5568000064989935,0.0018527302666521933,0.0010385240666739932,0.8148198408805206
GA,5,LogReg,0.6023339025778645,0.01311366085009505,0.4174707147516007,0.5322925279653277,0.07527756466664258,0.0011253229333305598,0.8148198408805206
GA,5,RF,0.7128486622753518,0.01222546564333906,0.6129524410265735,0.6692835819646045,0.37560394440000283,0.09376439460000556,0.8148198408805206
GA,10,SVM-RBF,0.7966007969423435,0.01582752985609896,0.72944826012867,0.7656801702491066,0.08232931019999036,0.5228766196000378,0.6497517909270463
GA,10,KNN5,0.7516630072375375,0.023068361483516826,0.6993662207903952,0.7150128984995453,0.003104882933348507,0.06944696726665518,0.6497517909270463
GA,10,LDA,0.6851508498007645,0.01064413076624881,0.6689679374064845,0.6383811780096771,0.0028101677333324396,0.001335399266705827,0.6497517909270463
GA,10,LogReg,0.6841587379035537,0.015607400487020542,0.5323698636561626,0.6329383322824472,0.11703541653334162,0.0015656802667004803,0.6497517909270463
GA,10,RF,0.771586565829064,0.01279437487701133,0.6861499757303267,0.7369137196508759,0.5050374890666717,0.10055871026661405,0.6497517909270463
GA,15,SVM-RBF,0.8147840936813856,0.005747695127487778,0.7474291606143294,0.7869308042852728,0.07804271206665966,0.5212706415999795,0.6901394215020547
GA,15,KNN5,0.770521265349272,0.007930300013596573,0.7115090654011588,0.7367704659168929,0.003727390933363454,0.08823213473336482,0.6901394215020547
GA,15,LDA,0.7114499471415792,0.005144289680275014,0.7191034402514996,0.6693914443981597,0.003292156733338387,0.0015728823332968002,0.6901394215020547
GA,15,LogReg,0.716036431649996,0.0046826048005512485,0.5765721589201608,0.6710470694725765,0.13849833073342474,0.0015309184000064134,0.6901394215020547
GA,15,RF,0.7843132471334473,0.007121939936855458,0.6923713870269339,0.7515752822377578,0.48756798559999576,0.09700949360005019,0.6901394215020547
GA,20,SVM-RBF,0.8234122143612265,0.006274218642425005,0.7660534522568319,0.7970024973646838,0.0707055277333135,0.5997354526000284,0.6893634318183552
GA,20,KNN5,0.7747824672684395,0.009127948344147277,0.7216038722273128,0.741672780743149,0.0010459898666643202,0.07385456253330931,0.6893634318183552
GA,20,LDA,0.7225990078881027,0.005356035606348635,0.7383940828002601,0.6825793352342181,0.00393886486666204,0.0014852582666662333,0.6893634318183552
GA,20,LogReg,0.7305277710010573,0.008051650529287071,0.5962224664781179,0.6883752209466223,0.15921443146665598,0.0014990532000258734,0.6893634318183552
GA,20,RF,0.788005204521428,0.006607346382024405,0.7010358562784205,0.7557642071260331,0.5440694816000208,0.09468228566667371,0.6893634318183552
GA,25,SVM-RBF,0.8297064324632025,0.004699822871740994,0.7751921057831652,0.8043356302808803,0.08050400319995482,0.6766801805999573,0.7199276360918795
GA,25,KNN5,0.7772546149467349,0.008323545222317673,0.7228838031656721,0.744571943346925,0.001160811333344647,0.07445712293330563,0.7199276360918795
GA,25,LDA,0.7317882410343987,0.0033278999661315884,0.7418282264718546,0.6932087595465789,0.0044966916666452795,0.0018101279333222404,0.7199276360918795
GA,25,LogReg,0.7446856956981376,0.005356749915514116,0.6208137612297296,0.7052268298592951,0.18883997486667187,0.0018937059332983465,0.7199276360918795
GA,25,RF,0.792599821094576,0.005223754165666226,0.7009750040040815,0.7612670028634239,0.6754424657333705,0.09496886399999006,0.7199276360918795
GA,30,SVM-RBF,0.8329267300967715,0.004276961353784568,0.7696900324755744,0.8080902231810337,0.07906607293334669,0.7187540139333275,0.7159966139531503
GA,30,KNN5,0.7792632349353501,0.00720216217330355,0.720141741412535,0.7469007886225085,0.0011753220666529333,0.07105457473333746,0.7159966139531503
GA,30,LDA,0.7358868016589412,0.0044586148576065176,0.743557818243494,0.6980708052667843,0.00484918473334796,0.00167689840001604,0.7159966139531503
GA,30,LogReg,0.755338700496056,0.005342445586025164,0.6398257528256066,0.7177297987129181,0.1845812065999932,0.0017092241333253734,0.7159966139531503
GA,30,RF,0.7952183459380336,0.005261003258394024,0.7071975116672227,0.7642764022293745,0.6255291889333876,0.09246256553333292,0.7159966139531503
GA,40,SVM-RBF,0.8369358380092707,0.004444050346013238,0.7830540435018032,0.812701955395146,0.08271889486662376,0.7621432406000016,0.7131917837609276
GA,40,KNN5,0.7783849719443766,0.004624074127172977,0.7185517428445622,0.7459035938355482,0.0009767038666571067,0.07607916373332649,0.7131917837609276
GA,40,LDA,0.7473611449947141,0.0035108690202871255,0.754717489122119,0.7113657217028869,0.005579189533364054,0.0018865312666699538,0.7131917837609276
GA,40,LogReg,0.7682117589656017,0.005304058681147755,0.6677489003437301,0.732889803923286,0.27607109573333827,0.00199399899997838,0.7131917837609276
GA,40,RF,0.793567536797593,0.004096471755886081,0.7042363544367773,0.7622986843119143,0.7358416080666756,0.09848319766667067,0.7131917837609276
GA,50,SVM-RBF,0.8386191754086363,0.0038697558436548286,0.7753288885515218,0.814681591872164,0.07894068160000335,0.7111253543333684,0.7272175246884697
GA,50,KNN5,0.7791656501585752,0.004839827938747826,0.7184330582647546,0.7468306692265788,0.0010292789332954867,0.08063022326670453,0.7272175246884697
GA,50,LDA,0.7519964218915184,0.005669888076050747,0.7594297630356605,0.7167862459292665,0.007216699799967747,0.0019807163333097734,0.7272175246884697
GA,50,LogReg,0.7754736927705944,0.004400180283050345,0.6857016180134463,0.7414881317750411,0.30751528226669506,0.00198520726668594,0.7272175246884697
GA,50,RF,0.7939985362283484,0.003285796956786166,0.7052288678280741,0.7628800293023981,0.7779996681333008,0.0953213913999813,0.7272175246884697
GA,60,SVM-RBF,0.8416930958770431,0.003665001159887255,0.7811219192045942,0.818134562760912,0.10547259093330769,0.9361668587333043,0.7333912319233559
GA,60,KNN5,0.7797755550134178,0.0031499175477696937,0.7190049103794801,0.7475814751523939,0.001161807133333507,0.09010212386663924,0.7333912319233559
GA,60,LDA,0.7566967553061723,0.0033296879238753504,0.7669923938961986,0.722262990051023,0.010324469600042546,0.00221190939999658,0.7333912319233559
GA,60,LogReg,0.7823859477921445,0.005369736379294559,0.6939928583361239,0.7495926313530122,0.3704460583999965,0.00252886966665448,0.7333912319233559
GA,60,RF,0.7951776856143774,0.003958242008499792,0.7046600716397984,0.7642121478023339,0.8217991438667317,0.10361357253333757,0.7333912319233559
GWO,5,SVM-RBF,0.7062616898430512,0.018799121882269693,0.5712671943317456,0.6589767722999966,0.06825776419997659,0.45812041626663813,0.7734833886374067
GWO,5,KNN5,0.6902740505814425,0.018848040292057073,0.6118022323676089,0.6444546952031888,0.0018229925333192,0.027397460066655745,0.7734833886374067
GWO,5,LDA,0.6119866634138409,0.008800819476546456,0.4867981856620564,0.5500408270753037,0.0019484419333366,0.001162711599999927,0.7734833886374067
GWO,5,LogReg,0.6014312433926974,0.006005603935206944,0.4244261319244908,0.5317379138287017,0.07796958320000154,0.0011475370666478534,0.7734833886374067
GWO,5,RF,0.7139871513377247,0.013233788299148647,0.6170555972495003,0.6707586689826432,0.3834195337333616,0.09788321433329654,0.7734833886374067
GWO,10,SVM-RBF,0.782646173863544,0.015370422902625927,0.6928043924746022,0.749401428648102,0.07635834653333401,0.534090059133329,0.6982224657881522
GWO,10,KNN5,0.7389607221273481,0.019967921417739516,0.6819909553323453,0.7004365230721401,0.0027972574000007327,0.05994002719996079,0.6982224657881522
GWO,10,LDA,0.6732129787753109,0.008037664068649138,0.6425211002542828,0.6240154470467301,0.0026090073999966404,0.0013952871333457934,0.6982224657881522
GWO,10,LogReg,0.6722615272017565,0.014261060874753078,0.5168630346670117,0.6187269581805688,0.11242604013332308,0.0013535727332964135,0.6982224657881522
GWO,10,RF,0.762218427258681,0.013431972130982359,0.6715540012424144,0.7260584104150624,0.48164013153329205,0.09719666413335894,0.6982224657881522
GWO,15,SVM-RBF,0.8092136293404896,0.008288869728681075,0.7217187108534374,0.7804041307306356,0.08130865953335158,0.5660750191333288,0.7032652033118085
GWO,15,KNN5,0.7667967797023663,0.0159680099790964,0.7104047144659689,0.7324441259708158,0.003863931200006193,0.09829373800001422,0.7032652033118085
GWO,15,LDA,0.7054566154346589,0.007161742917780342,0.704822995024275,0.6624204775929655,0.0034268076000140467,0.0015269545999974797,0.7032652033118085
GWO,15,LogReg,0.7102301374318941,0.00816932587318832,0.5665325396478883,0.6640919232956787,0.15265002353336662,0.001808950733357007,0.7032652033118085
GWO,15,RF,0.7793364235179311,0.007914675870948198,0.6867647028072601,0.7456767567599847,0.5139131739999812,0.10407537186667162,0.7032652033118085
GWO,20,SVM-RBF,0.8226152720175651,0.008357407122540402,0.7669913223190792,0.7961057967702899,0.07809513153333679,0.5909606154000661,0.69251913467283
GWO,20,KNN5,0.7712287549808896,0.012662781980409552,0.7161796930423798,0.7376565849919015,0.0010387393333378668,0.06740750013332214,0.69251913467283
GWO,20,LDA,0.7195332194844271,0.004840633060430695,0.7338734375737975,0.679003735667642,0.0037760380000084063,0.0017521871999936335,0.69251913467283
GWO,20,LogReg,0.7297226965926648,0.006290932448598203,0.5949715190923845,0.6874654978559929,0.1504532605333679,0.0015255793333532198,0.69251913467283
GWO,20,RF,0.7864926404814183,0.00787424274840717,0.6980596332360991,0.754166934130891,0.5702049765999921,0.09986192679998564,0.69251913467283
GWO,25,SVM-RBF,0.8257135886801659,0.006244254804327931,0.7704023126465298,0.7997404717935677,0.07215283833335583,0.6476254567333399,0.7086208511552634
GWO,25,KNN5,0.7730666016101488,0.010344964441183189,0.71775835612182,0.7397267628542065,0.0010329459333054667,0.06790470853331193,0.7086208511552634
GWO,25,LDA,0.727892982028137,0.0057561331961020305,0.7452488661642133,0.688745252309191,0.004126341800019826,0.0016247771333079268,0.7086208511552634
GWO,25,LogReg,0.7403919655200455,0.005977150557134268,0.6136790323923368,0.7000923117525204,0.17604802586668786,0.0016331744000125934,0.7086208511552634
GWO,25,RF,0.7884118077579898,0.006200803150030256,0.6982536507427289,0.7563847366103142,0.6073473579333192,0.09230793126662316,0.7086208511552634
GWO,30,SVM-RBF,0.8319183540700983,0.0036418059444683955,0.782772279141042,0.8068860435845551,0.07805739506667726,0.7329927522666669,0.7049347563732977
GWO,30,KNN5,0.7750345612751077,0.0047760911491488076,0.7201535124481686,0.7420348507522261,0.0010007358000014266,0.0729334763333099,0.7049347563732977
GWO,30,LDA,0.7355777831991542,0.0035327781516554056,0.74797592290454,0.697627041771397,0.0043384559333389475,0.0016127122666754132,0.7049347563732977
GWO,30,LogReg,0.7528990810766854,0.006393157340353617,0.6431600420717773,0.714862761869849,0.20477292819997878,0.0017377306666578802,0.7049347563732977
GWO,30,RF,0.7927136700008133,0.005629215861670796,0.7078548613300423,0.7613406504704929,0.628724752399997,0.09680534693332747,0.7049347563732977
GWO,40,SVM-RBF,0.8374481580873385,0.003965735180114999,0.7804332201944697,0.8133147240691994,0.07889372880000939,0.7434265046666799,0.7084352090756958
GWO,40,KNN5,0.7767666910628609,0.004362532511770842,0.7163486896308198,0.7441234437034516,0.0009908333999949467,0.07404535686667556,0.7084352090756958
GWO,40,LDA,0.747905993331707,0.005886706597124513,0.7585494779370364,0.7118892622681323,0.006114839399985267,0.00188966679999486,0.7084352090756958
GWO,40,LogReg,0.769268927380662,0.0037032732480121074,0.6635579213957642,0.7340596347862323,0.2538648835999993,0.0018991734000033999,0.7084352090756958
GWO,40,RF,0.7960803447995446,0.004074307034634134,0.7121081379031181,0.7652797263537493,0.7006037304666582,0.09668091866668266,0.7084352090756958
GWO,50,SVM-RBF,0.8395868911116533,0.003651423842642872,0.7799808944250821,0.8157510496144227,0.07594507033333378,0.7210169261333703,0.7133056606896072
GWO,50,KNN5,0.7771651622346912,0.00580004537124878,0.7186667334323684,0.7445216510700985,0.00122945720001244,0.08576981033335564,0.7133056606896072
GWO,50,LDA,0.7540538342685209,0.004139777807680122,0.7603135342321049,0.719087934025614,0.007681652599967446,0.0022456728666686797,0.7133056606896072
GWO,50,LogReg,0.7762381068553306,0.003994574163209761,0.6831373932799365,0.7423068967510065,0.3286604382000557,0.002168885333321627,0.7133056606896072
GWO,50,RF,0.7975278523217045,0.0043584865014455465,0.7089081664341469,0.7669521403039189,0.8394659692000156,0.10013778426662912,0.7133056606896072
GWO,60,SVM-RBF,0.8421403594372612,0.004115677591104974,0.785009399610887,0.8186882906532879,0.1184476163999837,1.0281871121999453,0.7246253132061184
GWO,60,KNN5,0.7811173456940718,0.005323180252540093,0.7244488837052985,0.7490606909145002,0.0013974482666829135,0.10235248933331602,0.7246253132061184
GWO,60,LDA,0.7581361307636008,0.0029316065158916317,0.7701700097100797,0.7238934539467274,0.010714645199914172,0.0026923717333677535,0.7246253132061184
GWO,60,LogReg,0.7843945677807597,0.004070235632240846,0.7001497339772759,0.7519246003579508,0.4079162716000004,0.00275695593330354,0.7246253132061184
GWO,60,RF,0.79717004147353,0.003007482124187569,0.7085491132105213,0.7665438086505698,0.8810801799999657,0.11414312466664946,0.7246253132061184
Jaya,5,SVM-RBF,0.6994551516630073,0.017347224995656937,0.5562380556029253,0.6507784817283854,0.07270170966664101,0.48441018900002747,0.7820908487229564
Jaya,5,KNN5,0.6904936163291858,0.01877571306147998,0.6069561638319774,0.6448142773382298,0.0020108072666819464,0.029027666333346705,0.7820908487229564
Jaya,5,LDA,0.5976417012279417,0.010420617352230986,0.47614325234898314,0.5329940307784997,0.002103833133348054,0.0011600453333205998,0.7820908487229564
Jaya,5,LogReg,0.5942912905586728,0.014702990534353932,0.41905751567507565,0.5224340320852109,0.0776601532666821,0.0011875159333309066,0.7820908487229564
Jaya,5,RF,0.713271529641376,0.017744581052651896,0.6134045703871069,0.6698512756538642,0.3613096232000013,0.09611875586667032,0.7820908487229564
Jaya,10,SVM-RBF,0.7765552573798487,0.0158083358346342,0.671451705695103,0.742366268789018,0.07571132793335282,0.5033408582000144,0.7062808337900552
Jaya,10,KNN5,0.7297633569163212,0.017408990551861715,0.6666149145780947,0.6899370944997282,0.0026409364666657195,0.05403006679994173,0.7062808337900552
Jaya,10,LDA,0.6577457916565017,0.01064775801371763,0.6049380649771037,0.6055083651991061,0.0024227538000104135,0.0013242598666692534,0.7062808337900552
Jaya,10,LogReg,0.6625843701715866,0.011687085400332982,0.5069194155629339,0.6070625193007785,0.10516784486665828,0.0013543906666654466,0.7062808337900552
Jaya,10,RF,0.7598845246808165,0.013566774344618173,0.6749832013770513,0.723473053606546,0.46909049979996476,0.09410379920004738,0.7062808337900552
Jaya,15,SVM-RBF,0.8132552655119134,0.012754406276252328,0.7453465776695732,0.7851010178736431,0.09155066566665175,0.5627635660666631,0.6905966847661744
Jaya,15,KNN5,0.766121818329674,0.014280831179755493,0.7078274613004678,0.7316672046225929,0.0035563193333169934,0.08227627166658444,0.6905966847661744
Jaya,15,LDA,0.6969911360494428,0.008740107928516571,0.6967554369289247,0.6525465461568815,0.0029887347333138734,0.0013370747333434532,0.6905966847661744
Jaya,15,LogReg,0.7083516304789785,0.011468664222719789,0.5626365085459747,0.6618044803528438,0.12934945766667924,0.0016970123333066532,0.6905966847661744
Jaya,15,RF,0.783963568350004,0.010333828599407896,0.6960433275959544,0.7512521661178112,0.49748200433332385,0.1018913500000053,0.6905966847661744
Jaya,20,SVM-RBF,0.822468894852403,0.007391655755098676,0.7617722375538006,0.7959125348729785,0.06683204620000344,0.6086755311333187,0.6941268015961687
Jaya,20,KNN5,0.7708140196795966,0.008866558722270105,0.7097242440007451,0.7371334177409776,0.0009979200000088402,0.06479741073335386,0.6941268015961687
Jaya,20,LDA,0.7121574367731968,0.009359374652064564,0.7139816212846365,0.6704210804970735,0.0037587586000123402,0.00159771606668068,0.6941268015961687
Jaya,20,LogReg,0.7248027974302675,0.008332350989863744,0.5900987733637275,0.6816702196287365,0.1448133860666985,0.00160805886665302,0.6941268015961687
Jaya,20,RF,0.7886476376351955,0.007524451576430881,0.6989316800489446,0.7566422360917398,0.5598676937333796,0.0938287993333688,0.6941268015961687
Jaya,25,SVM-RBF,0.8261445881109213,0.005617270856678231,0.7595125551033045,0.8001696382848738,0.08341850446660522,0.6861617388666824,0.7011329252637101
Jaya,25,KNN5,0.7721964706839067,0.009339640561456522,0.7091438811429497,0.7388191189139746,0.00118526633335322,0.07590530226667999,0.7011329252637101
Jaya,25,LDA,0.7244449865820931,0.006718609881352328,0.7366627763909375,0.6848539123926187,0.0045443375999790064,0.00169854419997738,0.7011329252637101
Jaya,25,LogReg,0.7387818167032609,0.0059372585928800705,0.61027291702495,0.6981882649534541,0.19048411333336238,0.0017549099333336467,0.7011329252637101
Jaya,25,RF,0.7931121411726436,0.004903241996286748,0.7045692233353953,0.7617777939381767,0.682600821666665,0.09749094413329353,0.7011329252637101
Jaya,30,SVM-RBF,0.8287061885012605,0.006103484718988265,0.7635174901281214,0.8031704280596178,0.0808635144000618,0.7631811925332992,0.6981752002339153
Jaya,30,KNN5,0.7717654712531512,0.009273587535658025,0.7079623838081576,0.7383387900285874,0.0009588479333614801,0.07497971413336016,0.6981752002339153
Jaya,30,LDA,0.730104903635033,0.005271618634410847,0.7437802892284846,0.691416428065541,0.004707981733326887,0.0017021485999824,0.6981752002339153
Jaya,30,LogReg,0.748605350898593,0.005313121336539623,0.6321317813216347,0.7097559143411392,0.20018073499997324,0.0017568776666696865,0.6981752002339153
Jaya,30,RF,0.7926242172887696,0.005198668677623973,0.7033965056733219,0.7613176675949664,0.6523059264666548,0.09697596453335484,0.6981752002339153
Jaya,40,SVM-RBF,0.8333495974627958,0.0033896038951337906,0.7694484262130211,0.8085482269873652,0.07516445279998148,0.7172989426666694,0.7285158526974114
Jaya,40,KNN5,0.7773115393998536,0.004708934960826738,0.7171210750238529,0.7446700056808687,0.00136305600000616,0.06703784533334933,0.7285158526974114
Jaya,40,LDA,0.7402618524843458,0.005924678970328293,0.7508176569962831,0.7031769703946769,0.005194225599977114,0.001632968866685233,0.7285158526974114
Jaya,40,LogReg,0.7634626331625599,0.005065592859828859,0.6578074021626894,0.7273036894487268,0.24789914520001727,0.0019291152666785665,0.7285158526974114
Jaya,40,RF,0.7959177035049199,0.00334359694314159,0.7073606347686031,0.7651079359722632,0.6764022069333351,0.08992974019997745,0.7285158526974114
Jaya,50,SVM-RBF,0.8384971944376678,0.004374097374040318,0.7814913958403931,0.8144749979156803,0.07580958726665202,0.7014842815999752,0.7176653594675118
Jaya,50,KNN5,0.7785232170448079,0.005992990431064194,0.719227750610751,0.7460990967431517,0.0010500144666669069,0.08560601599994391,0.7176653594675118
Jaya,50,LDA,0.7506139708872083,0.004869397829103251,0.7569950853403182,0.7150486695781617,0.008193819866664807,0.0020793451333246935,0.7176653594675118
Jaya,50,LogReg,0.7761811824022118,0.0046088026546877705,0.6833491743522839,0.7422171410126598,0.30905844213331574,0.0021210016000167736,0.7176653594675118
Jaya,50,RF,0.797511588192242,0.003405807071718309,0.707799054760777,0.766921286832097,0.7877481572000004,0.09628676939998208,0.7176653594675118
Jaya,60,SVM-RBF,0.8386598357322925,0.00418222892142457,0.7809769061463078,0.8146693896343504,0.10665833446670754,0.9935214507999566,0.7214526628083208
Jaya,60,KNN5,0.7763275595673742,0.006811250065392307,0.7196050431150233,0.7435593369869983,0.001492619066721053,0.0950343620666899,0.7214526628083208
Jaya,60,LDA,0.7551760592014313,0.0045781687927650425,0.7660683713044633,0.7202993260639995,0.011444658333402854,0.0022615557333968135,0.7214526628083208
Jaya,60,LogReg,0.7831584939416117,0.004484158785071575,0.6975970069921622,0.7503729186374921,0.396370214199942,0.0030730529999648403,0.7214526628083208
Jaya,60,RF,0.7961210051232008,0.003193479525319128,0.709339200536419,0.765336758490793,0.826415483333282,0.10388114213334723,0.7214526628083208
PSO,5,SVM-RBF,0.7143856225095553,0.019454933311755213,0.581926767677508,0.6687532822024378,0.06619190846669576,0.47247584686662475,0.6975086236442944
PSO,5,KNN5,0.6901927299341302,0.022778792157130134,0.6173671948300189,0.6441236117596623,0.0018517892666598465,0.027888186266682144,0.6975086236442944
PSO,5,LDA,0.6105960803447996,0.00666423643884337,0.48907580277465973,0.5477153796207401,0.0017754264666412197,0.00112418520000872,0.6975086236442944
PSO,5,LogReg,0.6029031471090511,0.010911264332220639,0.42896453434251797,0.5332370400768093,0.07400419460000189,0.0016068193333012,0.6975086236442944
PSO,5,RF,0.714962999105473,0.01967135124565032,0.6203315057594841,0.6715783829650441,0.37744339453336884,0.10128424753333999,0.6975086236442944
PSO,10,SVM-RBF,0.7903878994876801,0.013587591397529034,0.7157460693987712,0.7585655752402671,0.07747898846661576,0.5218142295333261,0.6707971686525522
PSO,10,KNN5,0.7477840123607382,0.013976931866921205,0.6909626443763478,0.7105714834473703,0.0029736885333476867,0.07088531186665624,0.6707971686525522
PSO,10,LDA,0.675107749857689,0.010586662008025655,0.6506324060354741,0.6264802075001004,0.003144659333338453,0.0020196894666847666,0.6707971686525522
PSO,10,LogReg,0.6763519557615678,0.011985165059380678,0.5252464778580401,0.6237227057050381,0.11687691820000809,0.0016364311999949933,0.6707971686525522
PSO,10,RF,0.7683256078718388,0.010971360038512732,0.6793457904026607,0.7331196124726631,0.49811925606669927,0.09896396386663277,0.6707971686525522
PSO,15,SVM-RBF,0.8095063836708142,0.01371626809704641,0.744743311221156,0.7808129236555933,0.08286497546664574,0.5172950561333437,0.6684856920281632
PSO,15,KNN5,0.7599251850044726,0.016718188147839007,0.7056102143301273,0.724599884992413,0.003606966733317007,0.08893001773335524,0.6684856920281632
PSO,15,LDA,0.7001138489062374,0.008422098215551265,0.7018009299059723,0.6561436031383573,0.0035057533999557733,0.0015251316666611136,0.6684856920281632
PSO,15,LogReg,0.7072050093518742,0.008118010252998603,0.5639181385503654,0.66062828567595,0.13773779246663856,0.0014810090666741932,0.6684856920281632
PSO,15,RF,0.7756119378710253,0.010261313326065048,0.6880213380320017,0.7414147172144802,0.4925753801333485,0.09928470006663395,0.6684856920281632
PSO,20,SVM-RBF,0.8185736358461414,0.006567204225690439,0.7531156301880375,0.7913528112991476,0.07141253966666829,0.6083039045999764,0.7050871957217113
PSO,20,KNN5,0.767748231275921,0.012176818997668246,0.7085862460776705,0.7335887765159267,0.001331010399962853,0.0766701164000096,0.7050871957217113
PSO,20,LDA,0.7127510774985769,0.0075613960177505265,0.7215295191994985,0.6710500399579706,0.003819162866663287,0.00153831373334768,0.7050871957217113
PSO,20,LogReg,0.7279905668049117,0.0049224955534599504,0.5922568829590564,0.6853455567132282,0.16658843193335998,0.0016657799333491265,0.7050871957217113
PSO,20,RF,0.7878832235504594,0.005676557315381889,0.6996298340434587,0.7557695076429213,0.5655206046666535,0.09490511180000186,0.7050871957217113
PSO,25,SVM-RBF,0.8256160039033911,0.006786885424447194,0.7557884820070939,0.7995887230218728,0.07898232433334061,0.6879892446667175,0.7056820173256134
PSO,25,KNN5,0.7699926811417419,0.01215111364327513,0.7060407308398512,0.7361452371457486,0.0011039465333396467,0.07303718406665209,0.7056820173256134
PSO,25,LDA,0.7232089127429455,0.007678279844192184,0.732108239951485,0.6832989104833823,0.0047210548666346665,0.0017538277333338733,0.7056820173256134
PSO,25,LogReg,0.7399040416361714,0.006716626951295448,0.6138838952000449,0.6995811683702844,0.19742375979999452,0.00183158840000028,0.7056820173256134
PSO,25,RF,0.790461088070261,0.004529092838973055,0.7001936484866884,0.7587448937551168,0.6591804057333623,0.09314857733334063,0.7056820173256134
PSO,30,SVM-RBF,0.8283565097178174,0.0036949410953166974,0.7618831049121675,0.8027701231997116,0.0744500751333665,0.7197026909333242,0.7150245534776681
PSO,30,KNN5,0.7731967146458487,0.007238353381912797,0.7110284596879116,0.7399397602693395,0.0010212333333280332,0.07172435646669628,0.7150245534776681
PSO,30,LDA,0.732113523623648,0.00430894753329361,0.7410033070039775,0.6936165395020295,0.004378303933284106,0.0016225796000222668,0.7150245534776681
PSO,30,LogReg,0.7499552736439782,0.005192613753654838,0.6310078317427027,0.7113706077920694,0.17664871140000285,0.0017142805333150537,0.7150245534776681
PSO,30,RF,0.7921769537285516,0.004581185718472482,0.7030505933619884,0.7607484403638601,0.5873687885333463,0.08701560220000219,0.7150245534776681
PSO,40,SVM-RBF,0.8335041066926894,0.005688714126694907,0.7659631209665506,0.8087282720306471,0.09470730466670524,0.7662433225333188,0.7298046822054965
PSO,40,KNN5,0.7780352931609336,0.007312272194771744,0.7130397869893439,0.7454890830135986,0.0010645983333081666,0.07293581153332217,0.7298046822054965
PSO,40,LDA,0.7402862486785395,0.003665194481009221,0.7441979054499664,0.7032161520475309,0.005565122466638613,0.0016728701332946203,0.7298046822054965
PSO,40,LogReg,0.7614946734976011,0.004476995221260627,0.6548563144893527,0.725084150110107,0.2626001735333527,0.0019522417333215467,0.7298046822054965
PSO,40,RF,0.7952102138733024,0.00342723012704915,0.7039543982838438,0.7643019205934772,0.7301246817333625,0.0970633851332877,0.7298046822054965
PSO,50,SVM-RBF,0.8368870456208832,0.0048635739895937415,0.7707248584990959,0.8126044059774529,0.08104863733334845,0.7196718912000051,0.7147502808382629
PSO,50,KNN5,0.7770594453931853,0.005060932937982071,0.7155491487253582,0.744432508886084,0.0011995198000325199,0.08295484913339045,0.7147502808382629
PSO,50,LDA,0.7484427096039685,0.0033292623067445906,0.7563570301086426,0.7125856074680912,0.0073278189333298325,0.0020860669333614603,0.7147502808382629
PSO,50,LogReg,0.7777750670895339,0.0038763965681073787,0.6788101834748806,0.7439680354606064,0.3130037939333609,0.002070553666665807,0.7147502808382629
PSO,50,RF,0.7978693990404164,0.003903790393031834,0.7094643095108808,0.7673842894444082,0.8124908663332917,0.09765419540000644,0.7147502808382629
PSO,60,SVM-RBF,0.8385622509555176,0.005482143072159034,0.7789215981897453,0.8145608423736485,0.1121260652666933,0.987327288533379,0.7282916993242708
PSO,60,KNN5,0.7763194275026428,0.006955584758790379,0.712882873943182,0.7435434614561797,0.0014803681999788867,0.09206134813333237,0.7282916993242708
PSO,60,LDA,0.7517199316906563,0.00646594488109917,0.7615658279214548,0.716363920508626,0.009857088666679633,0.0022665920000084,0.7282916993242708
PSO,60,LogReg,0.7807757989753598,0.005330044034897262,0.6967803249162514,0.7476230847121929,0.39846914620008345,0.00290961006667198,0.7282916993242708
PSO,60,RF,0.7969667398552492,0.0040608245090255415,0.7085578228799375,0.766350080381477,0.8424418334666673,0.10715133513334268,0.7282916993242708
DE,5,SVM-RBF,0.7067821419858501,0.026686693407607234,0.5695014614215843,0.6595484451743552,0.06441783959997638,0.46621697766665116,0.743388142197531
DE,5,KNN5,0.6933886313735056,0.01748756715552445,0.6149953652404804,0.6480480540628555,0.0019516195333380464,0.029623854200008237,0.743388142197531
DE,5,LDA,0.606530047979182,0.009579491879146298,0.47427146250362306,0.5428918012743137,0.0018665479333624534,0.0011788188667044665,0.743388142197531
DE,5,LogReg,0.6001057168415062,0.01119851623415712,0.41968698280344163,0.5295132203375513,0.07361873166664731,0.0014131703333835266,0.743388142197531
DE,5,RF,0.713857038302025,0.018154464071104236,0.6173767648078781,0.6705786976303912,0.3725671218666321,0.09393482059999768,0.743388142197531
DE,10,SVM-RBF,0.7937627063511424,0.020361192178713548,0.7154270815219647,0.7623935842963862,0.06466694780003,0.46963324593331585,0.651757938705986
DE,10,KNN5,0.7520777425388308,0.02256204580541721,0.6928139117865836,0.7155720244504908,0.002782138733300553,0.06131546386668558,0.651757938705986
DE,10,LDA,0.6771326339757664,0.010123251801056294,0.6460160607830245,0.6289068940796213,0.0026246028000059063,0.0012974207333475401,0.651757938705986
DE,10,LogReg,0.680954704399447,0.013573588150247356,0.5274281379313153,0.6291092687679921,0.10016953746665723,0.0014175063999876199,0.651757938705986
DE,10,RF,0.7727413190208995,0.013093870665660293,0.6854044725049209,0.7383924301818079,0.47485798206665397,0.09269898893330718,0.651757938705986
DE,15,SVM-RBF,0.8173456940717247,0.005753424508504944,0.7550608128959806,0.7899101970623126,0.08051130993332355,0.5076227284000046,0.6749603726319413
DE,15,KNN5,0.7734325445230544,0.01010990263385088,0.7208952606746483,0.7401580567428651,0.0032463882667039794,0.07804577913329919,0.6749603726319413
DE,15,LDA,0.7091404407579084,0.0051293928974941345,0.717632137887639,0.6667653928334576,0.002859685599984567,0.0015102731333475133,0.6749603726319413
DE,15,LogReg,0.7148410181345045,0.004446026910659174,0.5731361250207827,0.6696635202735467,0.12606446286664927,0.0015389787333181467,0.6749603726319413
DE,15,RF,0.7852077742538831,0.007607079772286759,0.6937151729016844,0.7525828336164655,0.4562282751333593,0.09457747139999807,0.6749603726319413
DE,20,SVM-RBF,0.8209319346181996,0.006755996689075784,0.7599155296148381,0.7941392970779961,0.06987373686664185,0.5745611046000401,0.6871561160684226
DE,20,KNN5,0.7720907538424007,0.005847057948779924,0.7240227097335923,0.7386095499463252,0.0009915594666987132,0.06690920633332094,0.6871561160684226
DE,20,LDA,0.7202000487923883,0.005406268034814518,0.7313282246131068,0.6796453338735043,0.0036308771333096535,0.0015305177999834596,0.6871561160684226
DE,20,LogReg,0.7280230950638367,0.005075193053530025,0.5952952793169957,0.6853591406205902,0.14636625980001552,0.0014665448000110803,0.6871561160684226
DE,20,RF,0.787313979019273,0.006405004958202031,0.6903705090519837,0.7550164901299136,0.5637322092666637,0.09641071966666456,0.6871561160684226
DE,25,SVM-RBF,0.8283565097178174,0.005498790430258189,0.7772609096186486,0.8027946461529349,0.07882281886665317,0.650617968400032,0.6896378679292724
DE,25,KNN5,0.7739692607953159,0.006420120348070262,0.7189087915391731,0.7408186194819799,0.00109163626672546,0.07133872673336247,0.6896378679292724
DE,25,LDA,0.7284947548182483,0.0032893530501265952,0.7415405650038693,0.68944570202717,0.003969189533275566,0.0015838962666444934,0.6896378679292724
DE,25,LogReg,0.7411970399284378,0.005732673062567023,0.6176466216977273,0.7010765845614998,0.16621631240001683,0.001655996066665413,0.6896378679292724
DE,25,RF,0.7898918435390745,0.0043251959409474116,0.6995288547429818,0.7580749804074466,0.6369295106666262,0.09309162359998781,0.6896378679292724
DE,30,SVM-RBF,0.8325770513133285,0.005410722210593194,0.7791516803277644,0.8077132790625952,0.08211831700000399,0.7191611594666483,0.6921175401160727
DE,30,KNN5,0.7760592014312434,0.006032267203903832,0.7204053461073116,0.7432581053520294,0.0009207917333090134,0.07129823639997991,0.6921175401160727
DE,30,LDA,0.7369846303976579,0.005377094191005208,0.7473999319216038,0.6993144024465335,0.004482705666653853,0.0015900809333288133,0.6921175401160727
DE,30,LogReg,0.7527283077173293,0.00616816286625149,0.6411824370258056,0.7146526618740966,0.19226491520000002,0.0017480985333349465,0.6921175401160727
DE,30,RF,0.7941449133935107,0.006473994030454574,0.7104051427274772,0.7630118086470178,0.648205346733342,0.09717418446668184,0.6921175401160727
DE,40,SVM-RBF,0.8359762543709848,0.003608147596454337,0.7785422039663312,0.811578258158892,0.0847577675333165,0.7583102500666276,0.7173812807533512
DE,40,KNN5,0.777913312189965,0.006868741352430939,0.7172643007032861,0.7453364675895782,0.00101749699999038,0.07855771926667025,0.7173812807533512
DE,40,LDA,0.7438155647718957,0.004474557313729363,0.7581872923206343,0.707329490461904,0.005707684733321555,0.0016663809999954,0.7173812807533512
DE,40,LogReg,0.7681548345124829,0.0037593290958910282,0.6664217885202037,0.7328118184592883,0.2607979654666603,0.0018668631999692266,0.7173812807533512
DE,40,RF,0.7952671383264212,0.004409140275723026,0.7108817794535087,0.7643216378899603,0.7181752670666659,0.09535369753330085,0.7173812807533512
DE,50,SVM-RBF,0.8395868911116533,0.0034539810725468943,0.7807674648093563,0.8157441856510697,0.0935108662666607,0.7862807249333703,0.7289080173947222
DE,50,KNN5,0.7818492315198828,0.003881766679440462,0.7244381654765571,0.749896303909798,0.0012806310000086799,0.09366400386664582,0.7289080173947222
DE,50,LDA,0.753614702773034,0.004262574039602867,0.7650870747157834,0.7185661409486064,0.008180773933296779,0.00203631053330654,0.7289080173947222
DE,50,LogReg,0.7759941449133935,0.005301773891530995,0.6861976027768246,0.742055073387986,0.3645652819999365,0.002259631599993814,0.7289080173947222
DE,50,RF,0.7963568350004064,0.0026636524516181364,0.7080137659560043,0.7655961721825502,0.8938950106666501,0.10141925266666472,0.7289080173947222
DE,60,SVM-RBF,0.8406521915914452,0.002483943132357699,0.7822322458268899,0.8169910416129778,0.10614659720004054,0.9980365022666774,0.7271436773180887
DE,60,KNN5,0.7795641213304059,0.004934657797765488,0.7215906859813225,0.7472876797152969,0.0014876202000171268,0.09843046859999349,0.7271436773180887
DE,60,LDA,0.7566316987883223,0.005289745812133454,0.7680593926287954,0.7221765284414734,0.011056752066663893,0.0023893020666642868,0.7271436773180887
DE,60,LogReg,0.7843213791981783,0.003936702935247313,0.6999033585190554,0.7518384545057926,0.3863436705333697,0.0024347460666527864,0.7271436773180887
DE,60,RF,0.797267626250305,0.0046474132483423514,0.7118986060723164,0.7666309187013898,0.8449152408666729,0.10246278960003107,0.7271436773180887
RS,5,SVM-RBF,0.7063104822314387,0.029382394528408018,0.5743111389036433,0.6592380357861908,0.06849031806665755,0.49441659479995603,0.7459671050139501
RS,5,KNN5,0.6944539318532975,0.03031469456280617,0.6082203239473493,0.6492094013136478,0.0018457533333730266,0.029999646066698873,0.7459671050139501
RS,5,LDA,0.6017809221761404,0.00919952354487556,0.4884150824358558,0.5374623444529635,0.0022702437999820263,0.00126660899997352,0.7459671050139501
RS,5,LogReg,0.6057168415060584,0.01324897431945941,0.43239650096127813,0.5364256383816273,0.07596739519996536,0.0011024751999835732,0.7459671050139501
RS,5,RF,0.7215824997966984,0.02413056636452246,0.6225783208963779,0.6794888513448857,0.3821132134000133,0.09924525406666662,0.7459671050139501
RS,10,SVM-RBF,0.7702854354720663,0.013147553760030605,0.6622724480224205,0.7350083671947157,0.06881509193334139,0.49127822506666236,0.7113809701374795
RS,10,KNN5,0.7308611856550378,0.013736487228932283,0.6628817372124871,0.6911376537881199,0.0026614903999870403,0.05926829033329944,0.7113809701374795
RS,10,LDA,0.656038058062942,0.006027390706682512,0.5969641762541392,0.6034868526460392,0.0025048055332717333,0.00137328693337314,0.7113809701374795
RS,10,LogReg,0.6611775229730827,0.010219882713921746,0.5049645996251699,0.6055525079862237,0.10852814586670921,0.0013456060666612272,0.7113809701374795
RS,10,RF,0.7566479629177848,0.01212459996405537,0.6607360116408548,0.7196252457786225,0.46693936946670267,0.0952290719333935,0.7113809701374795
RS,15,SVM-RBF,0.7977067577457915,0.010653007014947587,0.7062502504846232,0.7670380771043405,0.07748620006667196,0.545167787799998,0.7320809072226236
RS,15,KNN5,0.7537122875498088,0.016622786574004705,0.6867312714255269,0.7174327219659571,0.004053064399992421,0.08850855693334168,0.7320809072226236
RS,15,LDA,0.6826055135398879,0.007588493809048912,0.6694763843173993,0.6356335855904336,0.0033523802666573866,0.00155016406668736,0.7320809072226236
RS,15,LogReg,0.6945677807595347,0.01021819786470829,0.5478132375222338,0.6455946856144402,0.14884786819998222,0.001504697733359167,0.7320809072226236
RS,15,RF,0.7714971131170204,0.006319755732218867,0.6771857527889282,0.7367309690695778,0.49135216779999,0.10217025593331827,0.7320809072226236
RS,20,SVM-RBF,0.8149386029112793,0.008945440180731245,0.7400871111334157,0.7871827793624313,0.07937130073331293,0.6171794041333214,0.6931381646857612
RS,20,KNN5,0.764641782548589,0.012647749248840715,0.700678605691386,0.7301723855653062,0.00102465753334394,0.06632308339997804,0.6931381646857612
RS,20,LDA,0.7037895421647556,0.006687321030929946,0.7111090849573471,0.6605933580633555,0.00361499239999522,0.0016741048666668735,0.6931381646857612
RS,20,LogReg,0.7215743677319671,0.004583134060429654,0.5833441021267578,0.6776495764142091,0.15138251399997288,0.0015559291333222666,0.6931381646857612
RS,20,RF,0.7832642107831178,0.006437346902638335,0.6920432148885554,0.7504495751644273,0.5830748672666838,0.10151865813336368,0.6931381646857612
RS,25,SVM-RBF,0.8164755631454826,0.00711950208679371,0.7334871023860106,0.7890281388060345,0.08034117066670962,0.6788437038666719,0.7463744047813609
RS,25,KNN5,0.7657721395462307,0.008493640331312807,0.6963686769884475,0.7313580178639635,0.0010949171999981933,0.06852681353329895,0.7463744047813609
RS,25,LDA,0.7146865089046109,0.005548841451510228,0.7191015378638124,0.6734013856779917,0.004236102999978606,0.0015720756666874932,0.7463744047813609
RS,25,LogReg,0.7318858258111735,0.005517339881608651,0.602202942893268,0.690054508443014,0.17682772180000936,0.0016463407333351667,0.7463744047813609
RS,25,RF,0.7822883630153696,0.0058755986616606465,0.6862145119600622,0.7492257431270413,0.6351059878667001,0.09516192440002363,0.7463744047813609
RS,30,SVM-RBF,0.8260226071399529,0.004512463803892781,0.7644852731281055,0.8000566914874353,0.08416341540003787,0.7568303167999905,0.6979303023259921
RS,30,KNN5,0.7691957387980808,0.01067593524410893,0.7107159964328686,0.7353549648452121,0.0009996107333487335,0.07288217313333308,0.6979303023259921
RS,30,LDA,0.7233959502317638,0.006020968864988005,0.7328884683480957,0.683539145258255,0.004571468200007628,0.0016815850000056727,0.6979303023259921
RS,30,LogReg,0.742099699113605,0.005449592963003758,0.6237585231107805,0.7022388671253693,0.19788436093331255,0.001911010333363533,0.6979303023259921
RS,30,RF,0.7879482800683095,0.006022380845886616,0.7017598290937689,0.7559149648977938,0.6566020416000052,0.09618777646664964,0.6979303023259921
RS,40,SVM-RBF,0.8298121493047085,0.0044828629178507206,0.7691469662087168,0.8044410717842276,0.0882466367999768,0.8061892402666218,0.7202416595165896
RS,40,KNN5,0.7696755306172238,0.006499618916552792,0.7103323553234289,0.7358176449550201,0.0011075121333457068,0.08554433780000179,0.7202416595165896
RS,40,LDA,0.7348946897617304,0.007434504186802876,0.747086366084956,0.6969247083295885,0.006330610666691367,0.0018630943333542802,0.7202416595165896
RS,40,LogReg,0.7586077905180125,0.006107488438932573,0.6503033257049373,0.7216684409994065,0.2953396046666512,0.0019879910000023334,0.7202416595165896
RS,40,RF,0.7920305765633894,0.006095818101478747,0.7050728923495471,0.7605323615661254,0.7678891761999996,0.09457094559998037,0.7202416595165896
RS,50,SVM-RBF,0.8319996747174107,0.004652319843890304,0.761727818102779,0.806948570997189,0.07651215980004049,0.7123770749333441,0.7399872630737027
RS,50,KNN5,0.7734000162641295,0.00963921681442723,0.7111589392076575,0.7401380318729484,0.0011139963333182867,0.08423758973331129,0.7399872630737027
RS,50,LDA,0.7401723997723021,0.004769187810147433,0.7475187975418432,0.7031085792242009,0.007650234733334039,0.0021162317333164064,0.7399872630737027
RS,50,LogReg,0.7687728714320564,0.00713842575846913,0.6742936862982618,0.733611285888649,0.35178756226666036,0.00221033940001684,0.7399872630737027
RS,50,RF,0.7918760673334959,0.006048689035623555,0.7023700668063398,0.7603857772787139,0.8176829867999913,0.09530292633330643,0.7399872630737027
RS,60,SVM-RBF,0.8353419533219485,0.004666780945614279,0.766613297369879,0.8108630333200987,0.11219744619999497,0.9770133021334004,0.7317966487915174
RS,60,KNN5,0.7746116939090835,0.003896159904779824,0.7104782071256576,0.7416304887827195,0.001226744933289053,0.09118205046664415,0.7317966487915174
RS,60,LDA,0.7461901276734163,0.007074966419833644,0.754518449362797,0.7099847750449775,0.01073860893329762,0.002585063933323253,0.7317966487915174
RS,60,LogReg,0.776425144344149,0.004475190664142831,0.6854358437779685,0.7426130536908079,0.42417058640006267,0.0029428234000078404,0.7317966487915174
RS,60,RF,0.7941693095877043,0.00433475229923104,0.7037712892788839,0.7630712680165367,0.9151596334666465,0.11087328146659271,0.7317966487915174
