K,classifier,supervised,U1,U2,uniform
20,SVM-RBF,0.8213575126724676,0.7820010300615325,0.7460586592935947,0.7948280068309344
20,KNN5,0.7710471388685587,0.7141592800412025,0.7117942045485348,0.7389607221273481
20,LDA,0.718045051638611,0.6443793879265945,0.6017389065083625,0.6819956086850452
20,LogReg,0.7281789596378521,0.7052072321162344,0.6646146756661515,0.6956574774335204
20,RF,0.7876026673172319,0.7761283239814588,0.7521956574774333,0.7814101000243961
30,SVM-RBF,0.8311512292971186,0.7962971998590441,0.7615529532948417,0.822883630153696
30,KNN5,0.774987124230842,0.7174324360955248,0.7205890325553658,0.7673822883630154
30,LDA,0.7345924480225527,0.6756756390447534,0.6296969450543493,0.7055379360819712
30,LogReg,0.7518229378439186,0.7343945677807595,0.694226234040823,0.7432300561112466
30,RF,0.7928844433601692,0.7822707435417853,0.7614445257650918,0.7922664064405953
