method,K,jaccard
SA,5,0.17739984882842028
GA,5,0.19452003023431597
GWO,5,0.11579743008314439
Jaya,5,0.046296296296296294
PSO,5,0.07603930461073319
DE,5,0.08318216175359032
RS,5,0.06409674981103554
SA,10,0.16946711208099974
GA,10,0.1592681517051265
GWO,10,0.09835290841482792
Jaya,10,0.0783969728242174
PSO,10,0.08693957115009747
DE,10,0.12083886186053368
RS,10,0.06502858453322849
SA,15,0.18698059014829202
GA,15,0.18208964203181383
GWO,15,0.16242755610286128
Jaya,15,0.12431789948388791
PSO,15,0.10841420210878339
DE,15,0.17095233126503206
RS,15,0.07229333702240107
SA,20,0.17224892278608167
GA,20,0.20385197457001647
GWO,20,0.16337888618067242
Jaya,20,0.12287603200987231
PSO,20,0.12295448927470158
DE,20,0.1579277776778169
RS,20,0.08990057941849186
SA,25,0.1898754972496619
GA,25,0.19906657005485995
GWO,25,0.18283639036310964
Jaya,25,0.1458017815002621
PSO,25,0.13808798916250997
DE,25,0.18844111134139224
RS,25,0.11379559627562985
SA,30,0.20614509935103847
GA,30,0.21521548596549236
GWO,30,0.19679320774753117
Jaya,30,0.1527546862094419
PSO,30,0.1516370228636898
DE,30,0.19437018482774351
RS,30,0.12909364027342707
SA,40,0.2444350335884994
GA,40,0.2514454744104447
GWO,40,0.22597711896198583
Jaya,40,0.19389346289394394
PSO,40,0.19193261369492787
DE,40,0.22271336771261985
RS,40,0.1612400274002574
SA,50,0.2816685718188886
GA,50,0.28660510241583875
GWO,50,0.2727384603452995
Jaya,50,0.24334621752060473
PSO,50,0.2436211398913456
DE,50,0.27561758790627133
RS,50,0.20551087032863694
SA,60,0.3038974940068144
GA,60,0.3133759568961507
GWO,60,0.3271585356568914
Jaya,60,0.28223388346132344
PSO,60,0.2624163690816719
DE,60,0.3008861035743373
RS,60,0.25364450822762125
