orig_band,freq_K20
0,0.0
1,0.0
2,0.0
3,0.0
4,0.0
5,0.0
6,0.3111111111111111
7,0.25555555555555554
8,0.45555555555555555
9,0.2111111111111111
10,0.08888888888888889
11,0.17777777777777778
12,0.0
13,0.12222222222222222
14,0.15555555555555556
15,0.0
16,0.03333333333333333
17,0.06666666666666667
18,0.011111111111111112
19,0.0
20,0.0
21,0.0
22,0.011111111111111112
23,0.06666666666666667
24,0.044444444444444446
25,0.022222222222222223
26,0.12222222222222222
27,0.07777777777777778
28,0.18888888888888888
29,0.011111111111111112
30,0.15555555555555556
31,0.0
32,0.2222222222222222
33,0.1111111111111111
34,0.37777777777777777
35,0.6666666666666666
36,0.32222222222222224
37,0.13333333333333333
38,0.4222222222222222
39,0.0
40,0.2111111111111111
41,0.43333333333333335
42,0.03333333333333333
43,0.05555555555555555
44,0.03333333333333333
45,0.08888888888888889
46,0.05555555555555555
47,0.022222222222222223
48,0.022222222222222223
49,0.05555555555555555
50,0.1111111111111111
51,0.36666666666666664
52,0.3888888888888889
53,0.0
54,0.011111111111111112
55,0.044444444444444446
56,0.022222222222222223
57,0.18888888888888888
58,0.3111111111111111
59,0.044444444444444446
60,0.0
61,0.0
62,0.08888888888888889
63,0.08888888888888889
64,0.08888888888888889
65,0.022222222222222223
66,0.03333333333333333
67,0.08888888888888889
68,0.12222222222222222
69,0.14444444444444443
70,0.011111111111111112
71,0.0
72,0.05555555555555555
73,0.0
74,0.0
75,0.18888888888888888
76,0.07777777777777778
77,0.2777777777777778
78,0.32222222222222224
79,0.0
80,0.0
81,0.0
82,0.0
83,0.0
84,0.0
85,0.0
86,0.0
87,0.0
88,0.0
89,0.0
90,0.0
91,0.0
92,0.0
93,0.0
94,0.0
95,0.0
96,0.0
97,0.0
98,0.0
99,0.6555555555555556
100,0.3111111111111111
101,0.07777777777777778
102,0.0
103,0.0
104,0.0
105,0.03333333333333333
106,0.011111111111111112
107,0.05555555555555555
108,0.06666666666666667
109,0.011111111111111112
110,0.044444444444444446
111,0.044444444444444446
112,0.16666666666666666
113,0.37777777777777777
114,0.17777777777777778
115,0.13333333333333333
116,0.18888888888888888
117,0.08888888888888889
118,0.13333333333333333
119,0.03333333333333333
120,0.011111111111111112
121,0.044444444444444446
122,0.12222222222222222
123,0.011111111111111112
124,0.0
125,0.05555555555555555
126,0.05555555555555555
127,0.05555555555555555
128,0.07777777777777778
129,0.05555555555555555
130,0.03333333333333333
131,0.1111111111111111
132,0.17777777777777778
133,0.12222222222222222
134,0.32222222222222224
135,0.2
136,0.2222222222222222
137,0.1
138,0.26666666666666666
139,0.1
140,0.05555555555555555
141,0.022222222222222223
142,0.0
143,0.0
144,0.0
145,0.0
146,0.0
147,0.25555555555555554
148,0.7777777777777778
149,0.24444444444444444
150,0.0
151,0.011111111111111112
152,0.23333333333333334
153,0.12222222222222222
154,0.05555555555555555
155,0.0
156,0.011111111111111112
157,0.1111111111111111
158,0.08888888888888889
159,0.12222222222222222
160,0.03333333333333333
161,0.07777777777777778
162,0.12222222222222222
163,0.0
164,0.022222222222222223
165,0.08888888888888889
166,0.05555555555555555
167,0.07777777777777778
168,0.14444444444444443
169,0.25555555555555554
170,0.13333333333333333
171,0.13333333333333333
172,0.05555555555555555
173,0.13333333333333333
174,0.1111111111111111
175,0.011111111111111112
176,0.1111111111111111
177,0.3888888888888889
178,0.07777777777777778
179,0.24444444444444444
180,0.1111111111111111
181,0.23333333333333334
182,0.34444444444444444
183,0.25555555555555554
184,0.16666666666666666
185,0.1
186,0.16666666666666666
187,0.022222222222222223
188,0.1111111111111111
189,0.08888888888888889
190,0.06666666666666667
191,0.044444444444444446
192,0.011111111111111112
193,0.044444444444444446
194,0.011111111111111112
195,0.0
196,0.12222222222222222
197,0.0
198,0.0
199,0.0
