K,method,mean,vs_sfs,frac_runs_above_sfs,vs_random_mean,vs_random_best
5,SA,0.7159957713263396,0.06193380499308765,1.0,0.04511669512889305,-0.007229405546068324
5,GA,0.6999512076116126,0.04588924127836058,1.0,0.02907213141416598,-0.02327396926079539
5,GWO,0.7062616898430512,0.05219972350979918,1.0,0.03538261364560458,-0.016963487029356794
5,Jaya,0.6994551516630073,0.04539318532975534,1.0,0.028576075465560735,-0.023770025209400636
5,PSO,0.7143856225095553,0.06032365617630331,1.0,0.04350654631210871,-0.008839554362852664
5,DE,0.7067821419858501,0.05272017565259812,1.0,0.03590306578840352,-0.01644303488655785
10,SA,0.7953240627795395,0.025868097910059173,0.9333333333333333,0.05501341790680625,0.0011059608034477142
10,GA,0.7966007969423435,0.027144832072863223,0.9333333333333333,0.0562901520696103,0.002382694966251764
10,GWO,0.782646173863544,0.013190208994063646,0.7333333333333333,0.04233552899081072,-0.011571928112547814
10,Jaya,0.7765552573798487,0.007099292510368338,0.6666666666666666,0.036244612507115415,-0.01766284459624312
10,PSO,0.7903878994876801,0.020931934618199755,0.9333333333333333,0.05007725461494683,-0.0038302024884117047
10,DE,0.7937627063511424,0.02430674148166212,0.8,0.053452061478409196,-0.0004553956249493396
15,SA,0.818077579897536,0.005074408392290897,0.8,0.04816621940310639,0.020687972676262545
15,GA,0.8147840936813856,0.0017809221761404537,0.6,0.04487273318695595,0.017394486460112102
15,GWO,0.8092136293404896,-0.003789542164755577,0.5333333333333333,0.03930226884605992,0.011824022119216071
15,Jaya,0.8132552655119134,0.00025209400666825754,0.6,0.04334390501748375,0.015865658290639906
15,PSO,0.8095063836708142,-0.00349678783443097,0.4666666666666667,0.039595023176384525,0.012116776449540678
15,DE,0.8173456940717247,0.004342522566479601,0.7333333333333333,0.047434333577295096,0.01995608685045125
20,SA,0.8201431243392696,-0.00542408717573406,0.13333333333333333,0.028893225990078708,0.006408067008213281
20,GA,0.8234122143612265,-0.002154997153777205,0.4,0.03216231601203556,0.009677157030170136
20,GWO,0.8226152720175651,-0.0029519394974385493,0.4,0.03136537366837422,0.008880214686508792
20,Jaya,0.822468894852403,-0.003098316662600631,0.4,0.031218996503212137,0.00873383752134671
20,PSO,0.8185736358461414,-0.006993575668862273,0.13333333333333333,0.027323737496950495,0.004838578515085068
20,DE,0.8209319346181996,-0.004635276896804097,0.3333333333333333,0.02968203626900867,0.007196877287143244
25,SA,0.82758396356835,0.005920143124339194,0.9333333333333333,0.03420346425957543,0.011531267788891575
25,GA,0.8297064324632025,0.008042612019191764,0.9333333333333333,0.036325933154428,0.013653736683744144
25,GWO,0.8257135886801659,0.004049768236155105,0.7333333333333333,0.032333089371391344,0.009660892900707485
25,Jaya,0.8261445881109213,0.004480767666910523,0.8,0.03276408880214676,0.010091892331462904
25,PSO,0.8256160039033911,0.00395218345938031,0.8,0.03223550459461655,0.00956330812393269
25,DE,0.8283565097178174,0.006692689273806618,0.9333333333333333,0.03497601040904286,0.012303813938358998
30,SA,0.8324225420834351,0.005025616003903499,1.0,0.028584207530292116,0.009416930958770608
30,GA,0.8329267300967715,0.005529804017239903,0.9333333333333333,0.02908839554362852,0.009921118972107013
30,GWO,0.8319183540700983,0.004521427990566651,0.8666666666666667,0.028080019516955268,0.00891274294543376
30,Jaya,0.8287061885012605,0.0013092624217289073,0.6,0.024867853948117524,0.005700577376596017
30,PSO,0.8283565097178174,0.0009595836382857437,0.6666666666666666,0.02451817516467436,0.005350898593152853
30,DE,0.8325770513133285,0.005180125233796851,0.8666666666666667,0.028738716760185468,0.00957144018866396
40,SA,0.8353094250630235,0.006692689273806618,0.9333333333333333,0.025526551191347613,0.006082784418964038
40,GA,0.8369358380092707,0.008319102220053831,1.0,0.027152964137594826,0.007709197365211251
40,GWO,0.8374481580873385,0.008831422298121616,1.0,0.02766528421566261,0.008221517443279036
40,Jaya,0.8333495974627958,0.004732861673578892,0.9333333333333333,0.023566723591119887,0.004122956818736312
40,PSO,0.8335041066926894,0.0048873709034724655,0.7333333333333333,0.02372123282101346,0.0042774660486298854
40,DE,0.8359762543709848,0.0073595185817678654,1.0,0.02619338049930886,0.006749613726925285
50,SA,0.8396926079531593,0.008880214686508903,1.0,0.022151744327884915,0.004488899731641793
50,GA,0.8386191754086363,0.007806782141985935,0.9333333333333333,0.021078311783361947,0.003415467187118826
50,GWO,0.8395868911116533,0.008774497845002949,1.0,0.02204602748637896,0.004383182890135839
50,Jaya,0.8384971944376678,0.007684801171017441,1.0,0.020956330812393453,0.003293486216150332
50,PSO,0.8368870456208832,0.006074652354232879,0.8666666666666667,0.01934618199560889,0.0016833373993657696
50,DE,0.8395868911116533,0.008774497845002949,1.0,0.02204602748637896,0.004383182890135839
60,SA,0.8409937383101569,0.00810766853704148,1.0,0.016304789786126594,0.010913230869317614
60,GA,0.8416930958770431,0.008807026103927695,1.0,0.01700414735301281,0.01161258843620383
60,GWO,0.8421403594372612,0.009254289664145765,0.9333333333333333,0.01745141091323088,0.0120598519964219
60,Jaya,0.8386598357322925,0.005773765959177113,0.8666666666666667,0.013970887208262228,0.008579328291453248
60,PSO,0.8385622509555176,0.005676181182402207,0.8,0.013873302431487322,0.008481743514678342
60,DE,0.8406521915914452,0.0077661218183298075,1.0,0.015963243067414923,0.010571684150605942
