band_index,entropy_bits
0,5.378407257021169
1,4.933982858445653
2,5.922130931547415
3,5.374431148472746
4,6.209145019127151
5,6.3150101355869355
6,6.503487036454219
7,6.602913619188998
8,6.689116944796861
9,6.492386539593047
10,6.57386057237075
11,6.636095330719132
12,6.679848328747573
13,6.700187644321541
14,6.76442943945245
15,6.7994898742689305
16,6.877642391986112
17,6.992253208014672
18,7.096901275793197
19,7.163790567489555
20,7.18615141179557
21,7.15571729406834
22,7.099066540315153
23,7.107752707787451
24,7.153259843986019
25,7.172170764973264
26,7.201080021081039
27,7.206992550507282
28,7.229783694523212
29,7.2514845090537925
30,7.330217349920099
31,7.044126156253153
32,7.139248927979185
33,7.201389915430708
34,6.882019619114425
35,6.496843465719387
36,6.705041502784313
37,6.977601214433287
38,6.887217247655233
39,7.099089255898157
40,7.084018680336621
41,7.135737065623167
42,7.106870212565809
43,7.102208070029292
44,7.081761872604179
45,7.101325263927368
46,7.105164860397226
47,7.080768283039166
48,7.0922909950825535
49,7.058449465874208
50,7.079684040124572
51,7.051207697781486
52,7.029988097402182
53,7.015656716620931
54,6.998854407103167
55,6.9916192052789174
56,6.945481827577844
57,6.907749451063185
58,6.889854279523038
59,6.947548114527084
60,6.705056475574263
61,6.789755621732162
62,6.776013684391988
63,6.766879852814287
64,6.787693777805118
65,6.799649959376798
66,6.814580842470162
67,6.823044614896149
68,6.838347170641635
69,6.8421049972114805
70,6.836508830750089
71,6.846225494925353
72,6.838886302759056
73,6.826289171534118
74,6.730428114028446
75,6.563866718918685
76,6.642844909390362
77,6.5487697626211965
78,6.439342301671237
79,6.215344800248257
80,6.207004570345681
81,6.162631266546061
82,6.074020492349176
83,6.07611018025243
84,6.002918176482079
85,5.993109337207505
86,5.928451567691413
87,5.952118915425326
88,5.941143037569011
89,5.92795055926051
90,5.9040347661626695
91,6.022798445639517
92,5.981215266908344
93,5.884628084927671
94,6.047560349597793
95,5.973357332723204
96,6.003732253433274
97,6.162248770736781
98,6.254780895639313
99,6.342240168462885
100,6.4554060803585855
101,6.513082109256095
102,5.804477885208112
103,5.273818559964935
104,5.82430418994805
105,6.476921753617008
106,6.970451268307886
107,7.311824243019973
108,7.2956941644336215
109,7.292063510754601
110,7.3344903001581105
111,7.378330948607001
112,7.347491154005747
113,7.336414293841659
114,7.318407874092914
115,7.315785517090802
116,7.288513453362853
117,7.25848555836332
118,7.25925118253198
119,7.230067717535415
120,7.201175970276182
121,7.189519112190764
122,7.154335599222234
123,7.140373800401252
124,7.131544681949641
125,7.1022631131089575
126,7.085726278599023
127,7.05036041147147
128,7.048551850174467
129,7.029797427046374
130,7.020850328918011
131,7.003001756036799
132,7.001107043847021
133,7.0042328654167045
134,6.986791455180842
135,6.967775725283968
136,6.9612471537387846
137,6.967108924305096
138,6.958127542364931
139,6.957546765221414
140,6.768298033046549
141,6.896425378989479
142,6.944389134342153
143,5.456438277458155
144,5.236429859547647
145,5.778463124579261
146,6.955991857201829
147,6.955843870309642
148,7.003267155695918
149,7.016876970477492
150,6.912672978957827
151,6.949700439724216
152,7.018269696966738
153,7.036551767222184
154,7.028473273099742
155,7.11123795946466
156,7.071410394612228
157,7.022538095174763
158,7.048633958859922
159,7.050420524569903
160,7.055073467499162
161,7.027753053635626
162,7.056603706106552
163,7.079200472576069
164,7.068643097326103
165,7.04517459039626
166,7.028212248070913
167,7.029551474818505
168,7.055538864963273
169,7.009526206529398
170,6.941050979961281
171,6.980073501835246
172,6.9824207899733794
173,6.99296086326987
174,6.938551565416461
175,6.957250610899488
176,6.967741604277139
177,6.909160579558722
178,6.923918825450565
179,6.911769626877567
180,6.851966685545094
181,6.84007210483134
182,6.843527693078878
183,6.8006782512505515
184,6.721907990992745
185,6.727344469913385
186,6.720181197168694
187,6.659645985782935
188,6.6763894998286535
189,6.625712392948534
190,6.605660210948399
191,6.628150769480149
192,6.6295582565823326
193,6.562377745299935
194,6.64836342934235
195,6.295600977785667
196,6.453927879846032
197,5.79539058378416
198,5.159751125155612
199,4.1204727976650135
